Direction,TriggerLevel,TriggerTime,GoalLevel,GoalTime,NumTriggers,NumHits,PctCompletion
Upside,-0.786,0900,-0.618,0900,2682,2651,98.84
Upside,-0.786,0900,-0.618,1000,2682,10,0.37
Upside,-0.786,0900,-0.618,1100,2682,5,0.19
Upside,-0.786,0900,-0.618,1200,2682,2,0.07
Upside,-0.786,0900,-0.618,1400,2682,3,0.11
Upside,-0.786,0900,-0.5,0900,2682,2613,97.43
Upside,-0.786,0900,-0.5,1000,2682,17,0.63
Upside,-0.786,0900,-0.5,1100,2682,4,0.15
Upside,-0.786,0900,-0.5,1200,2682,6,0.22
Upside,-0.786,0900,-0.5,1300,2682,4,0.15
Upside,-0.786,0900,-0.5,1400,2682,2,0.07
Upside,-0.786,0900,-0.5,1500,2682,2,0.07
Upside,-0.786,0900,-0.382,0900,2682,2562,95.53
Upside,-0.786,0900,-0.382,1000,2682,29,1.08
Upside,-0.786,0900,-0.382,1100,2682,7,0.26
Upside,-0.786,0900,-0.382,1200,2682,2,0.07
Upside,-0.786,0900,-0.382,1300,2682,10,0.37
Upside,-0.786,0900,-0.382,1400,2682,7,0.26
Upside,-0.786,0900,-0.382,1500,2682,6,0.22
Upside,-0.786,0900,-0.236,0900,2682,2434,90.75
Upside,-0.786,0900,-0.236,1000,2682,54,2.01
Upside,-0.786,0900,-0.236,1100,2682,22,0.82
Upside,-0.786,0900,-0.236,1200,2682,12,0.45
Upside,-0.786,0900,-0.236,1300,2682,14,0.52
Upside,-0.786,0900,-0.236,1400,2682,11,0.41
Upside,-0.786,0900,-0.236,1500,2682,13,0.48
Upside,-0.786,0900,0.236,0900,2682,1264,47.13
Upside,-0.786,0900,0.236,1000,2682,196,7.31
Upside,-0.786,0900,0.236,1100,2682,103,3.84
Upside,-0.786,0900,0.236,1200,2682,47,1.75
Upside,-0.786,0900,0.236,1300,2682,41,1.53
Upside,-0.786,0900,0.236,1400,2682,73,2.72
Upside,-0.786,0900,0.236,1500,2682,64,2.39
Upside,-0.786,0900,0.236,1600,2682,2,0.07
Upside,-0.786,0900,0.382,0900,2682,876,32.66
Upside,-0.786,0900,0.382,1000,2682,171,6.38
Upside,-0.786,0900,0.382,1100,2682,113,4.21
Upside,-0.786,0900,0.382,1200,2682,62,2.31
Upside,-0.786,0900,0.382,1300,2682,42,1.57
Upside,-0.786,0900,0.382,1400,2682,66,2.46
Upside,-0.786,0900,0.382,1500,2682,66,2.46
Upside,-0.786,0900,0.382,1600,2682,1,0.04
Upside,-0.786,0900,0.5,0900,2682,630,23.49
Upside,-0.786,0900,0.5,1000,2682,154,5.74
Upside,-0.786,0900,0.5,1100,2682,106,3.95
Upside,-0.786,0900,0.5,1200,2682,58,2.16
Upside,-0.786,0900,0.5,1300,2682,52,1.94
Upside,-0.786,0900,0.5,1400,2682,60,2.24
Upside,-0.786,0900,0.5,1500,2682,76,2.83
Upside,-0.786,0900,0.618,0900,2682,446,16.63
Upside,-0.786,0900,0.618,1000,2682,125,4.66
Upside,-0.786,0900,0.618,1100,2682,96,3.58
Upside,-0.786,0900,0.618,1200,2682,52,1.94
Upside,-0.786,0900,0.618,1300,2682,49,1.83
Upside,-0.786,0900,0.618,1400,2682,66,2.46
Upside,-0.786,0900,0.618,1500,2682,78,2.91
Upside,-0.786,0900,0.786,0900,2682,243,9.06
Upside,-0.786,0900,0.786,1000,2682,126,4.7
Upside,-0.786,0900,0.786,1100,2682,81,3.02
Upside,-0.786,0900,0.786,1200,2682,57,2.13
Upside,-0.786,0900,0.786,1300,2682,36,1.34
Upside,-0.786,0900,0.786,1400,2682,46,1.72
Upside,-0.786,0900,0.786,1500,2682,76,2.83
Upside,-0.786,1000,-0.618,1000,3,1,33.33
Upside,-0.786,1000,-0.5,1500,3,1,33.33
Upside,-0.786,1100,-0.618,1100,3,3,100.0
Upside,-0.786,1100,-0.5,1100,3,1,33.33
Upside,-0.786,1100,-0.5,1400,3,2,66.67
Upside,-0.786,1100,-0.382,1100,3,1,33.33
Upside,-0.786,1100,-0.382,1500,3,1,33.33
Upside,-0.786,1200,-0.618,1200,3,3,100.0
Upside,-0.786,1200,-0.5,1200,3,1,33.33
Upside,-0.786,1200,-0.5,1300,3,1,33.33
Upside,-0.786,1200,-0.382,1300,3,1,33.33
Upside,-0.786,1300,-0.618,1300,2,1,50.0
Upside,-0.786,1300,-0.5,1400,2,1,50.0
Upside,-0.786,1300,-0.382,1400,2,1,50.0
Upside,-0.786,1300,-0.236,1400,2,1,50.0
Upside,-0.786,1400,-0.618,1400,1,1,100.0
Upside,-0.786,1400,-0.5,1400,1,1,100.0
Upside,-0.786,1400,-0.382,1500,1,1,100.0
Downside,-0.618,0900,-0.786,0900,364,238,65.38
Downside,-0.618,0900,-0.786,1000,364,48,13.19
Downside,-0.618,0900,-0.786,1100,364,10,2.75
Downside,-0.618,0900,-0.786,1200,364,8,2.2
Downside,-0.618,0900,-0.786,1300,364,4,1.1
Downside,-0.618,0900,-0.786,1400,364,1,0.27
Downside,-0.618,0900,-0.786,1500,364,2,0.55
Upside,-0.618,0900,-0.5,0900,2651,2613,98.57
Upside,-0.618,0900,-0.5,1000,2651,10,0.38
Upside,-0.618,0900,-0.5,1100,2651,2,0.08
Upside,-0.618,0900,-0.5,1200,2651,2,0.08
Upside,-0.618,0900,-0.5,1300,2651,4,0.15
Upside,-0.618,0900,-0.5,1400,2651,1,0.04
Upside,-0.618,0900,-0.5,1500,2651,1,0.04
Upside,-0.618,0900,-0.382,0900,2651,2562,96.64
Upside,-0.618,0900,-0.382,1000,2651,27,1.02
Upside,-0.618,0900,-0.382,1100,2651,4,0.15
Upside,-0.618,0900,-0.382,1200,2651,1,0.04
Upside,-0.618,0900,-0.382,1300,2651,7,0.26
Upside,-0.618,0900,-0.382,1400,2651,6,0.23
Upside,-0.618,0900,-0.382,1500,2651,5,0.19
Upside,-0.618,0900,-0.236,0900,2651,2434,91.81
Upside,-0.618,0900,-0.236,1000,2651,53,2.0
Upside,-0.618,0900,-0.236,1100,2651,22,0.83
Upside,-0.618,0900,-0.236,1200,2651,9,0.34
Upside,-0.618,0900,-0.236,1300,2651,12,0.45
Upside,-0.618,0900,-0.236,1400,2651,11,0.41
Upside,-0.618,0900,-0.236,1500,2651,10,0.38
Upside,-0.618,0900,0.236,0900,2651,1264,47.68
Upside,-0.618,0900,0.236,1000,2651,196,7.39
Upside,-0.618,0900,0.236,1100,2651,103,3.89
Upside,-0.618,0900,0.236,1200,2651,47,1.77
Upside,-0.618,0900,0.236,1300,2651,41,1.55
Upside,-0.618,0900,0.236,1400,2651,72,2.72
Upside,-0.618,0900,0.236,1500,2651,62,2.34
Upside,-0.618,0900,0.236,1600,2651,2,0.08
Upside,-0.618,0900,0.382,0900,2651,876,33.04
Upside,-0.618,0900,0.382,1000,2651,171,6.45
Upside,-0.618,0900,0.382,1100,2651,113,4.26
Upside,-0.618,0900,0.382,1200,2651,62,2.34
Upside,-0.618,0900,0.382,1300,2651,42,1.58
Upside,-0.618,0900,0.382,1400,2651,65,2.45
Upside,-0.618,0900,0.382,1500,2651,65,2.45
Upside,-0.618,0900,0.382,1600,2651,1,0.04
Upside,-0.618,0900,0.5,0900,2651,630,23.76
Upside,-0.618,0900,0.5,1000,2651,154,5.81
Upside,-0.618,0900,0.5,1100,2651,106,4.0
Upside,-0.618,0900,0.5,1200,2651,58,2.19
Upside,-0.618,0900,0.5,1300,2651,52,1.96
Upside,-0.618,0900,0.5,1400,2651,59,2.23
Upside,-0.618,0900,0.5,1500,2651,75,2.83
Upside,-0.618,0900,0.618,0900,2651,446,16.82
Upside,-0.618,0900,0.618,1000,2651,125,4.72
Upside,-0.618,0900,0.618,1100,2651,96,3.62
Upside,-0.618,0900,0.618,1200,2651,52,1.96
Upside,-0.618,0900,0.618,1300,2651,49,1.85
Upside,-0.618,0900,0.618,1400,2651,66,2.49
Upside,-0.618,0900,0.618,1500,2651,77,2.9
Upside,-0.618,0900,0.786,0900,2651,243,9.17
Upside,-0.618,0900,0.786,1000,2651,126,4.75
Upside,-0.618,0900,0.786,1100,2651,81,3.06
Upside,-0.618,0900,0.786,1200,2651,57,2.15
Upside,-0.618,0900,0.786,1300,2651,36,1.36
Upside,-0.618,0900,0.786,1400,2651,46,1.74
Upside,-0.618,0900,0.786,1500,2651,75,2.83
Downside,-0.618,1000,-0.786,1000,162,136,83.95
Downside,-0.618,1000,-0.786,1100,162,23,14.2
Downside,-0.618,1000,-0.786,1200,162,1,0.62
Downside,-0.618,1000,-0.786,1400,162,1,0.62
Upside,-0.618,1000,-0.5,1000,11,7,63.64
Upside,-0.618,1000,-0.5,1100,11,1,9.09
Upside,-0.618,1000,-0.5,1200,11,1,9.09
Upside,-0.618,1000,-0.5,1500,11,1,9.09
Upside,-0.618,1000,-0.382,1000,11,2,18.18
Upside,-0.618,1000,-0.382,1100,11,3,27.27
Upside,-0.618,1000,-0.382,1300,11,2,18.18
Upside,-0.618,1000,-0.382,1400,11,1,9.09
Upside,-0.618,1000,-0.236,1000,11,1,9.09
Upside,-0.618,1000,-0.236,1200,11,2,18.18
Upside,-0.618,1000,-0.236,1300,11,2,18.18
Upside,-0.618,1000,-0.236,1500,11,2,18.18
Upside,-0.618,1000,0.236,1400,11,1,9.09
Upside,-0.618,1000,0.236,1500,11,2,18.18
Upside,-0.618,1000,0.382,1400,11,1,9.09
Upside,-0.618,1000,0.382,1500,11,1,9.09
Upside,-0.618,1000,0.5,1400,11,1,9.09
Upside,-0.618,1000,0.5,1500,11,1,9.09
Upside,-0.618,1000,0.618,1500,11,1,9.09
Upside,-0.618,1000,0.786,1500,11,1,9.09
Downside,-0.618,1100,-0.786,1100,71,63,88.73
Downside,-0.618,1100,-0.786,1200,71,7,9.86
Upside,-0.618,1100,-0.5,1100,8,2,25.0
Upside,-0.618,1100,-0.5,1200,8,1,12.5
Upside,-0.618,1100,-0.5,1400,8,2,25.0
Upside,-0.618,1100,-0.382,1100,8,1,12.5
Upside,-0.618,1100,-0.382,1500,8,1,12.5
Downside,-0.618,1200,-0.786,1200,54,42,77.78
Downside,-0.618,1200,-0.786,1300,54,10,18.52
Downside,-0.618,1200,-0.786,1400,54,1,1.85
Upside,-0.618,1200,-0.5,1200,5,3,60.0
Upside,-0.618,1200,-0.5,1300,5,1,20.0
Upside,-0.618,1200,-0.382,1200,5,1,20.0
Upside,-0.618,1200,-0.382,1300,5,2,40.0
Upside,-0.618,1200,-0.236,1200,5,1,20.0
Downside,-0.618,1300,-0.786,1300,56,47,83.93
Downside,-0.618,1300,-0.786,1400,56,9,16.07
Upside,-0.618,1300,-0.5,1400,1,1,100.0
Upside,-0.618,1300,-0.382,1400,1,1,100.0
Upside,-0.618,1300,-0.236,1400,1,1,100.0
Downside,-0.618,1400,-0.786,1400,56,48,85.71
Downside,-0.618,1400,-0.786,1500,56,8,14.29
Upside,-0.618,1400,-0.5,1400,4,2,50.0
Upside,-0.618,1400,-0.5,1500,4,1,25.0
Upside,-0.618,1400,-0.382,1500,4,2,50.0
Upside,-0.618,1400,-0.236,1500,4,1,25.0
Downside,-0.618,1500,-0.786,1500,77,56,72.73
Downside,-0.618,1500,-0.786,1600,77,12,15.58
Downside,-0.5,0900,-0.786,0900,492,362,73.58
Downside,-0.5,0900,-0.786,1000,492,52,10.57
Downside,-0.5,0900,-0.786,1100,492,10,2.03
Downside,-0.5,0900,-0.786,1200,492,8,1.63
Downside,-0.5,0900,-0.786,1300,492,4,0.81
Downside,-0.5,0900,-0.786,1400,492,1,0.2
Downside,-0.5,0900,-0.786,1500,492,2,0.41
Downside,-0.5,0900,-0.618,0900,492,297,60.37
Downside,-0.5,0900,-0.618,1000,492,68,13.82
Downside,-0.5,0900,-0.618,1100,492,18,3.66
Downside,-0.5,0900,-0.618,1200,492,10,2.03
Downside,-0.5,0900,-0.618,1300,492,8,1.63
Downside,-0.5,0900,-0.618,1400,492,7,1.42
Downside,-0.5,0900,-0.618,1500,492,3,0.61
Upside,-0.5,0900,-0.382,0900,2613,2562,98.05
Upside,-0.5,0900,-0.382,1000,2613,21,0.8
Upside,-0.5,0900,-0.382,1100,2613,3,0.11
Upside,-0.5,0900,-0.382,1300,2613,3,0.11
Upside,-0.5,0900,-0.382,1400,2613,3,0.11
Upside,-0.5,0900,-0.382,1500,2613,3,0.11
Upside,-0.5,0900,-0.236,0900,2613,2434,93.15
Upside,-0.5,0900,-0.236,1000,2613,52,1.99
Upside,-0.5,0900,-0.236,1100,2613,17,0.65
Upside,-0.5,0900,-0.236,1200,2613,8,0.31
Upside,-0.5,0900,-0.236,1300,2613,9,0.34
Upside,-0.5,0900,-0.236,1400,2613,9,0.34
Upside,-0.5,0900,-0.236,1500,2613,8,0.31
Upside,-0.5,0900,0.236,0900,2613,1264,48.37
Upside,-0.5,0900,0.236,1000,2613,196,7.5
Upside,-0.5,0900,0.236,1100,2613,102,3.9
Upside,-0.5,0900,0.236,1200,2613,47,1.8
Upside,-0.5,0900,0.236,1300,2613,41,1.57
Upside,-0.5,0900,0.236,1400,2613,71,2.72
Upside,-0.5,0900,0.236,1500,2613,60,2.3
Upside,-0.5,0900,0.236,1600,2613,2,0.08
Upside,-0.5,0900,0.382,0900,2613,876,33.52
Upside,-0.5,0900,0.382,1000,2613,171,6.54
Upside,-0.5,0900,0.382,1100,2613,112,4.29
Upside,-0.5,0900,0.382,1200,2613,62,2.37
Upside,-0.5,0900,0.382,1300,2613,42,1.61
Upside,-0.5,0900,0.382,1400,2613,64,2.45
Upside,-0.5,0900,0.382,1500,2613,65,2.49
Upside,-0.5,0900,0.382,1600,2613,1,0.04
Upside,-0.5,0900,0.5,0900,2613,630,24.11
Upside,-0.5,0900,0.5,1000,2613,154,5.89
Upside,-0.5,0900,0.5,1100,2613,105,4.02
Upside,-0.5,0900,0.5,1200,2613,58,2.22
Upside,-0.5,0900,0.5,1300,2613,52,1.99
Upside,-0.5,0900,0.5,1400,2613,59,2.26
Upside,-0.5,0900,0.5,1500,2613,74,2.83
Upside,-0.5,0900,0.618,0900,2613,446,17.07
Upside,-0.5,0900,0.618,1000,2613,125,4.78
Upside,-0.5,0900,0.618,1100,2613,95,3.64
Upside,-0.5,0900,0.618,1200,2613,52,1.99
Upside,-0.5,0900,0.618,1300,2613,49,1.88
Upside,-0.5,0900,0.618,1400,2613,66,2.53
Upside,-0.5,0900,0.618,1500,2613,76,2.91
Upside,-0.5,0900,0.786,0900,2613,243,9.3
Upside,-0.5,0900,0.786,1000,2613,126,4.82
Upside,-0.5,0900,0.786,1100,2613,80,3.06
Upside,-0.5,0900,0.786,1200,2613,57,2.18
Upside,-0.5,0900,0.786,1300,2613,36,1.38
Upside,-0.5,0900,0.786,1400,2613,46,1.76
Upside,-0.5,0900,0.786,1500,2613,75,2.87
Downside,-0.5,1000,-0.786,1000,188,166,88.3
Downside,-0.5,1000,-0.786,1100,188,22,11.7
Downside,-0.5,1000,-0.618,1000,188,160,85.11
Downside,-0.5,1000,-0.618,1100,188,24,12.77
Upside,-0.5,1000,-0.382,1000,17,8,47.06
Upside,-0.5,1000,-0.382,1100,17,3,17.65
Upside,-0.5,1000,-0.382,1300,17,1,5.88
Upside,-0.5,1000,-0.382,1400,17,1,5.88
Upside,-0.5,1000,-0.236,1000,17,2,11.76
Upside,-0.5,1000,-0.236,1100,17,5,29.41
Upside,-0.5,1000,-0.236,1200,17,2,11.76
Upside,-0.5,1000,-0.236,1300,17,2,11.76
Upside,-0.5,1000,-0.236,1500,17,2,11.76
Upside,-0.5,1000,0.236,1100,17,1,5.88
Upside,-0.5,1000,0.236,1400,17,2,11.76
Upside,-0.5,1000,0.236,1500,17,3,17.65
Upside,-0.5,1000,0.382,1100,17,1,5.88
Upside,-0.5,1000,0.382,1400,17,2,11.76
Upside,-0.5,1000,0.382,1500,17,1,5.88
Upside,-0.5,1000,0.5,1100,17,1,5.88
Upside,-0.5,1000,0.5,1400,17,1,5.88
Upside,-0.5,1000,0.5,1500,17,2,11.76
Upside,-0.5,1000,0.618,1100,17,1,5.88
Upside,-0.5,1000,0.618,1500,17,2,11.76
Upside,-0.5,1000,0.786,1100,17,1,5.88
Upside,-0.5,1000,0.786,1500,17,1,5.88
Downside,-0.5,1100,-0.786,1100,81,69,85.19
Downside,-0.5,1100,-0.786,1200,81,12,14.81
Downside,-0.5,1100,-0.618,1100,81,68,83.95
Downside,-0.5,1100,-0.618,1200,81,12,14.81
Upside,-0.5,1100,-0.382,1100,5,2,40.0
Upside,-0.5,1100,-0.382,1200,5,1,20.0
Upside,-0.5,1100,-0.382,1300,5,1,20.0
Upside,-0.5,1100,-0.236,1200,5,1,20.0
Upside,-0.5,1100,-0.236,1300,5,2,40.0
Downside,-0.5,1200,-0.786,1200,66,59,89.39
Downside,-0.5,1200,-0.786,1300,66,6,9.09
Downside,-0.5,1200,-0.786,1400,66,1,1.52
Downside,-0.5,1200,-0.618,1200,66,55,83.33
Downside,-0.5,1200,-0.618,1300,66,6,9.09
Downside,-0.5,1200,-0.618,1400,66,3,4.55
Downside,-0.5,1200,-0.618,1500,66,2,3.03
Upside,-0.5,1200,-0.382,1200,7,1,14.29
Upside,-0.5,1200,-0.382,1300,7,4,57.14
Upside,-0.5,1200,-0.236,1200,7,1,14.29
Upside,-0.5,1200,-0.236,1300,7,1,14.29
Upside,-0.5,1200,-0.236,1400,7,1,14.29
Downside,-0.5,1300,-0.786,1300,52,45,86.54
Downside,-0.5,1300,-0.786,1400,52,7,13.46
Downside,-0.5,1300,-0.618,1300,52,43,82.69
Downside,-0.5,1300,-0.618,1400,52,7,13.46
Upside,-0.5,1300,-0.382,1300,5,2,40.0
Upside,-0.5,1300,-0.382,1400,5,2,40.0
Upside,-0.5,1300,-0.382,1500,5,1,20.0
Upside,-0.5,1300,-0.236,1400,5,1,20.0
Upside,-0.5,1300,-0.236,1500,5,1,20.0
Downside,-0.5,1400,-0.786,1400,59,52,88.14
Downside,-0.5,1400,-0.786,1500,59,7,11.86
Downside,-0.5,1400,-0.618,1400,59,50,84.75
Downside,-0.5,1400,-0.618,1500,59,8,13.56
Upside,-0.5,1400,-0.382,1400,6,2,33.33
Upside,-0.5,1400,-0.382,1500,6,2,33.33
Upside,-0.5,1400,-0.236,1400,6,1,16.67
Downside,-0.5,1500,-0.786,1500,79,58,73.42
Downside,-0.5,1500,-0.786,1600,79,20,25.32
Downside,-0.5,1500,-0.618,1500,79,58,73.42
Downside,-0.5,1500,-0.618,1600,79,17,21.52
Upside,-0.5,1500,-0.382,1500,3,2,66.67
Upside,-0.5,1500,-0.236,1500,3,2,66.67
Upside,-0.5,1500,0.236,1500,3,1,33.33
Downside,-0.382,0900,-0.786,0900,697,550,78.91
Downside,-0.382,0900,-0.786,1000,697,70,10.04
Downside,-0.382,0900,-0.786,1100,697,10,1.43
Downside,-0.382,0900,-0.786,1200,697,8,1.15
Downside,-0.382,0900,-0.786,1300,697,4,0.57
Downside,-0.382,0900,-0.786,1400,697,1,0.14
Downside,-0.382,0900,-0.786,1500,697,2,0.29
Downside,-0.382,0900,-0.618,0900,697,487,69.87
Downside,-0.382,0900,-0.618,1000,697,88,12.63
Downside,-0.382,0900,-0.618,1100,697,16,2.3
Downside,-0.382,0900,-0.618,1200,697,10,1.43
Downside,-0.382,0900,-0.618,1300,697,7,1.0
Downside,-0.382,0900,-0.618,1400,697,7,1.0
Downside,-0.382,0900,-0.618,1500,697,3,0.43
Downside,-0.382,0900,-0.5,0900,697,422,60.55
Downside,-0.382,0900,-0.5,1000,697,106,15.21
Downside,-0.382,0900,-0.5,1100,697,16,2.3
Downside,-0.382,0900,-0.5,1200,697,13,1.87
Downside,-0.382,0900,-0.5,1300,697,10,1.43
Downside,-0.382,0900,-0.5,1400,697,9,1.29
Downside,-0.382,0900,-0.5,1500,697,6,0.86
Upside,-0.382,0900,-0.236,0900,2562,2434,95.0
Upside,-0.382,0900,-0.236,1000,2562,47,1.83
Upside,-0.382,0900,-0.236,1100,2562,11,0.43
Upside,-0.382,0900,-0.236,1200,2562,3,0.12
Upside,-0.382,0900,-0.236,1300,2562,5,0.2
Upside,-0.382,0900,-0.236,1400,2562,6,0.23
Upside,-0.382,0900,-0.236,1500,2562,6,0.23
Upside,-0.382,0900,0.236,0900,2562,1264,49.34
Upside,-0.382,0900,0.236,1000,2562,196,7.65
Upside,-0.382,0900,0.236,1100,2562,101,3.94
Upside,-0.382,0900,0.236,1200,2562,46,1.8
Upside,-0.382,0900,0.236,1300,2562,41,1.6
Upside,-0.382,0900,0.236,1400,2562,71,2.77
Upside,-0.382,0900,0.236,1500,2562,57,2.22
Upside,-0.382,0900,0.236,1600,2562,1,0.04
Upside,-0.382,0900,0.382,0900,2562,876,34.19
Upside,-0.382,0900,0.382,1000,2562,171,6.67
Upside,-0.382,0900,0.382,1100,2562,112,4.37
Upside,-0.382,0900,0.382,1200,2562,61,2.38
Upside,-0.382,0900,0.382,1300,2562,42,1.64
Upside,-0.382,0900,0.382,1400,2562,64,2.5
Upside,-0.382,0900,0.382,1500,2562,64,2.5
Upside,-0.382,0900,0.382,1600,2562,1,0.04
Upside,-0.382,0900,0.5,0900,2562,630,24.59
Upside,-0.382,0900,0.5,1000,2562,154,6.01
Upside,-0.382,0900,0.5,1100,2562,105,4.1
Upside,-0.382,0900,0.5,1200,2562,58,2.26
Upside,-0.382,0900,0.5,1300,2562,51,1.99
Upside,-0.382,0900,0.5,1400,2562,59,2.3
Upside,-0.382,0900,0.5,1500,2562,74,2.89
Upside,-0.382,0900,0.618,0900,2562,446,17.41
Upside,-0.382,0900,0.618,1000,2562,125,4.88
Upside,-0.382,0900,0.618,1100,2562,95,3.71
Upside,-0.382,0900,0.618,1200,2562,52,2.03
Upside,-0.382,0900,0.618,1300,2562,48,1.87
Upside,-0.382,0900,0.618,1400,2562,66,2.58
Upside,-0.382,0900,0.618,1500,2562,76,2.97
Upside,-0.382,0900,0.786,0900,2562,243,9.48
Upside,-0.382,0900,0.786,1000,2562,126,4.92
Upside,-0.382,0900,0.786,1100,2562,80,3.12
Upside,-0.382,0900,0.786,1200,2562,57,2.22
Upside,-0.382,0900,0.786,1300,2562,36,1.41
Upside,-0.382,0900,0.786,1400,2562,46,1.8
Upside,-0.382,0900,0.786,1500,2562,75,2.93
Downside,-0.382,1000,-0.786,1000,194,171,88.14
Downside,-0.382,1000,-0.786,1100,194,23,11.86
Downside,-0.382,1000,-0.618,1000,194,171,88.14
Downside,-0.382,1000,-0.618,1100,194,23,11.86
Downside,-0.382,1000,-0.5,1000,194,168,86.6
Downside,-0.382,1000,-0.5,1100,194,23,11.86
Downside,-0.382,1000,-0.5,1200,194,2,1.03
Downside,-0.382,1000,-0.5,1400,194,1,0.52
Upside,-0.382,1000,-0.236,1000,29,7,24.14
Upside,-0.382,1000,-0.236,1100,29,10,34.48
Upside,-0.382,1000,-0.236,1200,29,5,17.24
Upside,-0.382,1000,-0.236,1300,29,2,6.9
Upside,-0.382,1000,-0.236,1500,29,1,3.45
Upside,-0.382,1000,0.236,1100,29,2,6.9
Upside,-0.382,1000,0.236,1200,29,1,3.45
Upside,-0.382,1000,0.236,1400,29,1,3.45
Upside,-0.382,1000,0.236,1500,29,4,13.79
Upside,-0.382,1000,0.236,1600,29,1,3.45
Upside,-0.382,1000,0.382,1100,29,1,3.45
Upside,-0.382,1000,0.382,1200,29,1,3.45
Upside,-0.382,1000,0.382,1400,29,1,3.45
Upside,-0.382,1000,0.382,1500,29,1,3.45
Upside,-0.382,1000,0.5,1100,29,1,3.45
Upside,-0.382,1000,0.5,1300,29,1,3.45
Upside,-0.382,1000,0.5,1500,29,1,3.45
Upside,-0.382,1000,0.618,1100,29,1,3.45
Upside,-0.382,1000,0.618,1300,29,1,3.45
Upside,-0.382,1000,0.618,1500,29,1,3.45
Upside,-0.382,1000,0.786,1100,29,1,3.45
Downside,-0.382,1100,-0.786,1100,107,98,91.59
Downside,-0.382,1100,-0.786,1200,107,9,8.41
Downside,-0.382,1100,-0.618,1100,107,97,90.65
Downside,-0.382,1100,-0.618,1200,107,9,8.41
Downside,-0.382,1100,-0.5,1100,107,95,88.79
Downside,-0.382,1100,-0.5,1200,107,9,8.41
Downside,-0.382,1100,-0.5,1300,107,2,1.87
Upside,-0.382,1100,-0.236,1100,8,1,12.5
Upside,-0.382,1100,-0.236,1200,8,3,37.5
Upside,-0.382,1100,-0.236,1300,8,2,25.0
Upside,-0.382,1100,-0.236,1400,8,1,12.5
Upside,-0.382,1100,0.236,1400,8,1,12.5
Upside,-0.382,1100,0.236,1500,8,1,12.5
Upside,-0.382,1100,0.382,1400,8,1,12.5
Upside,-0.382,1100,0.382,1500,8,1,12.5
Upside,-0.382,1100,0.5,1400,8,1,12.5
Upside,-0.382,1100,0.5,1500,8,1,12.5
Upside,-0.382,1100,0.618,1500,8,1,12.5
Upside,-0.382,1100,0.786,1500,8,1,12.5
Downside,-0.382,1200,-0.786,1200,63,55,87.3
Downside,-0.382,1200,-0.786,1300,63,8,12.7
Downside,-0.382,1200,-0.618,1200,63,54,85.71
Downside,-0.382,1200,-0.618,1300,63,8,12.7
Downside,-0.382,1200,-0.618,1400,63,1,1.59
Downside,-0.382,1200,-0.5,1200,63,53,84.13
Downside,-0.382,1200,-0.5,1300,63,9,14.29
Downside,-0.382,1200,-0.5,1400,63,1,1.59
Upside,-0.382,1200,-0.236,1200,2,1,50.0
Upside,-0.382,1200,-0.236,1300,2,1,50.0
Downside,-0.382,1300,-0.786,1300,62,51,82.26
Downside,-0.382,1300,-0.786,1400,62,11,17.74
Downside,-0.382,1300,-0.618,1300,62,51,82.26
Downside,-0.382,1300,-0.618,1400,62,11,17.74
Downside,-0.382,1300,-0.5,1300,62,51,82.26
Downside,-0.382,1300,-0.5,1400,62,11,17.74
Upside,-0.382,1300,-0.236,1300,11,4,36.36
Upside,-0.382,1300,-0.236,1400,11,2,18.18
Upside,-0.382,1300,-0.236,1500,11,1,9.09
Upside,-0.382,1300,0.236,1500,11,1,9.09
Downside,-0.382,1400,-0.786,1400,70,63,90.0
Downside,-0.382,1400,-0.786,1500,70,7,10.0
Downside,-0.382,1400,-0.618,1400,70,63,90.0
Downside,-0.382,1400,-0.618,1500,70,7,10.0
Downside,-0.382,1400,-0.5,1400,70,62,88.57
Downside,-0.382,1400,-0.5,1500,70,6,8.57
Upside,-0.382,1400,-0.236,1400,8,3,37.5
Upside,-0.382,1400,-0.236,1500,8,2,25.0
Downside,-0.382,1500,-0.786,1500,71,55,77.46
Downside,-0.382,1500,-0.786,1600,71,16,22.54
Downside,-0.382,1500,-0.618,1500,71,55,77.46
Downside,-0.382,1500,-0.618,1600,71,16,22.54
Downside,-0.382,1500,-0.5,1500,71,54,76.06
Downside,-0.382,1500,-0.5,1600,71,15,21.13
Upside,-0.382,1500,-0.236,1500,8,3,37.5
Upside,-0.382,1500,0.236,1500,8,1,12.5
Downside,-0.236,0900,-0.786,0900,999,841,84.18
Downside,-0.236,0900,-0.786,1000,999,81,8.11
Downside,-0.236,0900,-0.786,1100,999,10,1.0
Downside,-0.236,0900,-0.786,1200,999,8,0.8
Downside,-0.236,0900,-0.786,1300,999,4,0.4
Downside,-0.236,0900,-0.786,1400,999,1,0.1
Downside,-0.236,0900,-0.786,1500,999,2,0.2
Downside,-0.236,0900,-0.618,0900,999,778,77.88
Downside,-0.236,0900,-0.618,1000,999,99,9.91
Downside,-0.236,0900,-0.618,1100,999,16,1.6
Downside,-0.236,0900,-0.618,1200,999,10,1.0
Downside,-0.236,0900,-0.618,1300,999,7,0.7
Downside,-0.236,0900,-0.618,1400,999,7,0.7
Downside,-0.236,0900,-0.618,1500,999,3,0.3
Downside,-0.236,0900,-0.5,0900,999,714,71.47
Downside,-0.236,0900,-0.5,1000,999,117,11.71
Downside,-0.236,0900,-0.5,1100,999,15,1.5
Downside,-0.236,0900,-0.5,1200,999,13,1.3
Downside,-0.236,0900,-0.5,1300,999,10,1.0
Downside,-0.236,0900,-0.5,1400,999,9,0.9
Downside,-0.236,0900,-0.5,1500,999,6,0.6
Downside,-0.236,0900,-0.382,0900,999,621,62.16
Downside,-0.236,0900,-0.382,1000,999,149,14.91
Downside,-0.236,0900,-0.382,1100,999,17,1.7
Downside,-0.236,0900,-0.382,1200,999,10,1.0
Downside,-0.236,0900,-0.382,1300,999,17,1.7
Downside,-0.236,0900,-0.382,1400,999,15,1.5
Downside,-0.236,0900,-0.382,1500,999,13,1.3
Upside,-0.236,0900,0.236,0900,2434,1264,51.93
Upside,-0.236,0900,0.236,1000,2434,195,8.01
Upside,-0.236,0900,0.236,1100,2434,98,4.03
Upside,-0.236,0900,0.236,1200,2434,46,1.89
Upside,-0.236,0900,0.236,1300,2434,39,1.6
Upside,-0.236,0900,0.236,1400,2434,68,2.79
Upside,-0.236,0900,0.236,1500,2434,49,2.01
Upside,-0.236,0900,0.236,1600,2434,1,0.04
Upside,-0.236,0900,0.382,0900,2434,876,35.99
Upside,-0.236,0900,0.382,1000,2434,171,7.03
Upside,-0.236,0900,0.382,1100,2434,110,4.52
Upside,-0.236,0900,0.382,1200,2434,61,2.51
Upside,-0.236,0900,0.382,1300,2434,40,1.64
Upside,-0.236,0900,0.382,1400,2434,64,2.63
Upside,-0.236,0900,0.382,1500,2434,59,2.42
Upside,-0.236,0900,0.382,1600,2434,1,0.04
Upside,-0.236,0900,0.5,0900,2434,630,25.88
Upside,-0.236,0900,0.5,1000,2434,154,6.33
Upside,-0.236,0900,0.5,1100,2434,103,4.23
Upside,-0.236,0900,0.5,1200,2434,58,2.38
Upside,-0.236,0900,0.5,1300,2434,49,2.01
Upside,-0.236,0900,0.5,1400,2434,59,2.42
Upside,-0.236,0900,0.5,1500,2434,73,3.0
Upside,-0.236,0900,0.618,0900,2434,446,18.32
Upside,-0.236,0900,0.618,1000,2434,125,5.14
Upside,-0.236,0900,0.618,1100,2434,94,3.86
Upside,-0.236,0900,0.618,1200,2434,51,2.1
Upside,-0.236,0900,0.618,1300,2434,48,1.97
Upside,-0.236,0900,0.618,1400,2434,65,2.67
Upside,-0.236,0900,0.618,1500,2434,76,3.12
Upside,-0.236,0900,0.786,0900,2434,243,9.98
Upside,-0.236,0900,0.786,1000,2434,126,5.18
Upside,-0.236,0900,0.786,1100,2434,79,3.25
Upside,-0.236,0900,0.786,1200,2434,57,2.34
Upside,-0.236,0900,0.786,1300,2434,36,1.48
Upside,-0.236,0900,0.786,1400,2434,46,1.89
Upside,-0.236,0900,0.786,1500,2434,75,3.08
Downside,-0.236,1000,-0.786,1000,235,207,88.09
Downside,-0.236,1000,-0.786,1100,235,28,11.91
Downside,-0.236,1000,-0.618,1000,235,207,88.09
Downside,-0.236,1000,-0.618,1100,235,28,11.91
Downside,-0.236,1000,-0.5,1000,235,205,87.23
Downside,-0.236,1000,-0.5,1100,235,29,12.34
Downside,-0.236,1000,-0.5,1200,235,1,0.43
Downside,-0.236,1000,-0.382,1000,235,203,86.38
Downside,-0.236,1000,-0.382,1100,235,30,12.77
Downside,-0.236,1000,-0.382,1200,235,1,0.43
Upside,-0.236,1000,0.236,1000,54,1,1.85
Upside,-0.236,1000,0.236,1100,54,4,7.41
Upside,-0.236,1000,0.236,1200,54,1,1.85
Upside,-0.236,1000,0.236,1300,54,2,3.7
Upside,-0.236,1000,0.236,1400,54,2,3.7
Upside,-0.236,1000,0.236,1500,54,6,11.11
Upside,-0.236,1000,0.382,1100,54,2,3.7
Upside,-0.236,1000,0.382,1200,54,1,1.85
Upside,-0.236,1000,0.382,1300,54,2,3.7
Upside,-0.236,1000,0.382,1500,54,3,5.56
Upside,-0.236,1000,0.5,1100,54,2,3.7
Upside,-0.236,1000,0.5,1300,54,3,5.56
Upside,-0.236,1000,0.5,1500,54,1,1.85
Upside,-0.236,1000,0.618,1100,54,1,1.85
Upside,-0.236,1000,0.618,1200,54,1,1.85
Upside,-0.236,1000,0.618,1300,54,1,1.85
Upside,-0.236,1000,0.618,1400,54,1,1.85
Upside,-0.236,1000,0.786,1100,54,1,1.85
Downside,-0.236,1100,-0.786,1100,108,99,91.67
Downside,-0.236,1100,-0.786,1200,108,9,8.33
Downside,-0.236,1100,-0.618,1100,108,99,91.67
Downside,-0.236,1100,-0.618,1200,108,9,8.33
Downside,-0.236,1100,-0.5,1100,108,99,91.67
Downside,-0.236,1100,-0.5,1200,108,9,8.33
Downside,-0.236,1100,-0.382,1100,108,98,90.74
Downside,-0.236,1100,-0.382,1200,108,10,9.26
Upside,-0.236,1100,0.236,1100,22,1,4.55
Upside,-0.236,1100,0.236,1400,22,1,4.55
Upside,-0.236,1100,0.236,1500,22,2,9.09
Upside,-0.236,1100,0.236,1600,22,1,4.55
Upside,-0.236,1100,0.382,1100,22,1,4.55
Upside,-0.236,1100,0.382,1400,22,1,4.55
Upside,-0.236,1100,0.382,1500,22,1,4.55
Upside,-0.236,1100,0.5,1100,22,1,4.55
Upside,-0.236,1100,0.5,1500,22,1,4.55
Upside,-0.236,1100,0.618,1100,22,1,4.55
Upside,-0.236,1100,0.618,1500,22,1,4.55
Upside,-0.236,1100,0.786,1100,22,1,4.55
Downside,-0.236,1200,-0.786,1200,53,46,86.79
Downside,-0.236,1200,-0.786,1300,53,7,13.21
Downside,-0.236,1200,-0.618,1200,53,46,86.79
Downside,-0.236,1200,-0.618,1300,53,7,13.21
Downside,-0.236,1200,-0.5,1200,53,46,86.79
Downside,-0.236,1200,-0.5,1300,53,7,13.21
Downside,-0.236,1200,-0.382,1200,53,46,86.79
Downside,-0.236,1200,-0.382,1300,53,7,13.21
Upside,-0.236,1200,0.236,1400,12,1,8.33
Upside,-0.236,1200,0.236,1500,12,1,8.33
Upside,-0.236,1200,0.382,1400,12,1,8.33
Upside,-0.236,1200,0.382,1500,12,1,8.33
Upside,-0.236,1200,0.5,1400,12,1,8.33
Downside,-0.236,1300,-0.786,1300,69,61,88.41
Downside,-0.236,1300,-0.786,1400,69,8,11.59
Downside,-0.236,1300,-0.618,1300,69,61,88.41
Downside,-0.236,1300,-0.618,1400,69,8,11.59
Downside,-0.236,1300,-0.5,1300,69,61,88.41
Downside,-0.236,1300,-0.5,1400,69,8,11.59
Downside,-0.236,1300,-0.382,1300,69,60,86.96
Downside,-0.236,1300,-0.382,1400,69,9,13.04
Upside,-0.236,1300,0.236,1400,14,1,7.14
Upside,-0.236,1300,0.236,1500,14,3,21.43
Upside,-0.236,1300,0.382,1500,14,1,7.14
Upside,-0.236,1300,0.5,1500,14,1,7.14
Upside,-0.236,1300,0.618,1500,14,1,7.14
Upside,-0.236,1300,0.786,1500,14,1,7.14
Downside,-0.236,1400,-0.786,1400,73,60,82.19
Downside,-0.236,1400,-0.786,1500,73,13,17.81
Downside,-0.236,1400,-0.618,1400,73,60,82.19
Downside,-0.236,1400,-0.618,1500,73,13,17.81
Downside,-0.236,1400,-0.5,1400,73,60,82.19
Downside,-0.236,1400,-0.5,1500,73,13,17.81
Downside,-0.236,1400,-0.382,1400,73,60,82.19
Downside,-0.236,1400,-0.382,1500,73,12,16.44
Upside,-0.236,1400,0.236,1500,12,1,8.33
Upside,-0.236,1400,0.382,1500,12,1,8.33
Downside,-0.236,1500,-0.786,1500,64,45,70.31
Downside,-0.236,1500,-0.786,1600,64,19,29.69
Downside,-0.236,1500,-0.618,1500,64,45,70.31
Downside,-0.236,1500,-0.618,1600,64,19,29.69
Downside,-0.236,1500,-0.5,1500,64,45,70.31
Downside,-0.236,1500,-0.5,1600,64,19,29.69
Downside,-0.236,1500,-0.382,1500,64,44,68.75
Downside,-0.236,1500,-0.382,1600,64,17,26.56
Upside,-0.236,1500,0.236,1500,13,2,15.38
Downside,0.236,0900,-0.786,0900,2297,2183,95.04
Downside,0.236,0900,-0.786,1000,2297,37,1.61
Downside,0.236,0900,-0.786,1100,2297,10,0.44
Downside,0.236,0900,-0.786,1200,2297,8,0.35
Downside,0.236,0900,-0.786,1300,2297,4,0.17
Downside,0.236,0900,-0.786,1400,2297,1,0.04
Downside,0.236,0900,-0.786,1500,2297,2,0.09
Downside,0.236,0900,-0.618,0900,2297,2120,92.29
Downside,0.236,0900,-0.618,1000,2297,55,2.39
Downside,0.236,0900,-0.618,1100,2297,16,0.7
Downside,0.236,0900,-0.618,1200,2297,10,0.44
Downside,0.236,0900,-0.618,1300,2297,7,0.3
Downside,0.236,0900,-0.618,1400,2297,7,0.3
Downside,0.236,0900,-0.618,1500,2297,3,0.13
Downside,0.236,0900,-0.5,0900,2297,2056,89.51
Downside,0.236,0900,-0.5,1000,2297,73,3.18
Downside,0.236,0900,-0.5,1100,2297,15,0.65
Downside,0.236,0900,-0.5,1200,2297,13,0.57
Downside,0.236,0900,-0.5,1300,2297,10,0.44
Downside,0.236,0900,-0.5,1400,2297,9,0.39
Downside,0.236,0900,-0.5,1500,2297,6,0.26
Downside,0.236,0900,-0.382,0900,2297,1965,85.55
Downside,0.236,0900,-0.382,1000,2297,105,4.57
Downside,0.236,0900,-0.382,1100,2297,16,0.7
Downside,0.236,0900,-0.382,1200,2297,9,0.39
Downside,0.236,0900,-0.382,1300,2297,17,0.74
Downside,0.236,0900,-0.382,1400,2297,15,0.65
Downside,0.236,0900,-0.382,1500,2297,13,0.57
Downside,0.236,0900,-0.236,0900,2297,1808,78.71
Downside,0.236,0900,-0.236,1000,2297,137,5.96
Downside,0.236,0900,-0.236,1100,2297,34,1.48
Downside,0.236,0900,-0.236,1200,2297,19,0.83
Downside,0.236,0900,-0.236,1300,2297,24,1.04
Downside,0.236,0900,-0.236,1400,2297,23,1.0
Downside,0.236,0900,-0.236,1500,2297,17,0.74
Upside,0.236,0900,0.382,0900,1264,876,69.3
Upside,0.236,0900,0.382,1000,1264,119,9.41
Upside,0.236,0900,0.382,1100,1264,45,3.56
Upside,0.236,0900,0.382,1200,1264,24,1.9
Upside,0.236,0900,0.382,1300,1264,9,0.71
Upside,0.236,0900,0.382,1400,1264,10,0.79
Upside,0.236,0900,0.382,1500,1264,14,1.11
Upside,0.236,0900,0.5,0900,1264,630,49.84
Upside,0.236,0900,0.5,1000,1264,137,10.84
Upside,0.236,0900,0.5,1100,1264,60,4.75
Upside,0.236,0900,0.5,1200,1264,33,2.61
Upside,0.236,0900,0.5,1300,1264,25,1.98
Upside,0.236,0900,0.5,1400,1264,25,1.98
Upside,0.236,0900,0.5,1500,1264,25,1.98
Upside,0.236,0900,0.618,0900,1264,446,35.28
Upside,0.236,0900,0.618,1000,1264,121,9.57
Upside,0.236,0900,0.618,1100,1264,70,5.54
Upside,0.236,0900,0.618,1200,1264,32,2.53
Upside,0.236,0900,0.618,1300,1264,32,2.53
Upside,0.236,0900,0.618,1400,1264,43,3.4
Upside,0.236,0900,0.618,1500,1264,39,3.09
Upside,0.236,0900,0.786,0900,1264,243,19.22
Upside,0.236,0900,0.786,1000,1264,126,9.97
Upside,0.236,0900,0.786,1100,1264,72,5.7
Upside,0.236,0900,0.786,1200,1264,43,3.4
Upside,0.236,0900,0.786,1300,1264,29,2.29
Upside,0.236,0900,0.786,1400,1264,36,2.85
Upside,0.236,0900,0.786,1500,1264,51,4.03
Downside,0.236,1000,-0.786,1000,75,70,93.33
Downside,0.236,1000,-0.786,1100,75,5,6.67
Downside,0.236,1000,-0.618,1000,75,70,93.33
Downside,0.236,1000,-0.618,1100,75,5,6.67
Downside,0.236,1000,-0.5,1000,75,70,93.33
Downside,0.236,1000,-0.5,1100,75,5,6.67
Downside,0.236,1000,-0.382,1000,75,70,93.33
Downside,0.236,1000,-0.382,1100,75,5,6.67
Downside,0.236,1000,-0.236,1000,75,70,93.33
Downside,0.236,1000,-0.236,1100,75,5,6.67
Upside,0.236,1000,0.382,1000,196,52,26.53
Upside,0.236,1000,0.382,1100,196,42,21.43
Upside,0.236,1000,0.382,1200,196,11,5.61
Upside,0.236,1000,0.382,1300,196,10,5.1
Upside,0.236,1000,0.382,1400,196,13,6.63
Upside,0.236,1000,0.382,1500,196,4,2.04
Upside,0.236,1000,0.5,1000,196,17,8.67
Upside,0.236,1000,0.5,1100,196,37,18.88
Upside,0.236,1000,0.5,1200,196,8,4.08
Upside,0.236,1000,0.5,1300,196,8,4.08
Upside,0.236,1000,0.5,1400,196,10,5.1
Upside,0.236,1000,0.5,1500,196,16,8.16
Upside,0.236,1000,0.618,1000,196,4,2.04
Upside,0.236,1000,0.618,1100,196,21,10.71
Upside,0.236,1000,0.618,1200,196,12,6.12
Upside,0.236,1000,0.618,1300,196,9,4.59
Upside,0.236,1000,0.618,1400,196,5,2.55
Upside,0.236,1000,0.618,1500,196,12,6.12
Upside,0.236,1000,0.786,1100,196,7,3.57
Upside,0.236,1000,0.786,1200,196,10,5.1
Upside,0.236,1000,0.786,1300,196,3,1.53
Upside,0.236,1000,0.786,1400,196,5,2.55
Upside,0.236,1000,0.786,1500,196,9,4.59
Downside,0.236,1100,-0.786,1100,35,32,91.43
Downside,0.236,1100,-0.786,1200,35,3,8.57
Downside,0.236,1100,-0.618,1100,35,32,91.43
Downside,0.236,1100,-0.618,1200,35,3,8.57
Downside,0.236,1100,-0.5,1100,35,32,91.43
Downside,0.236,1100,-0.5,1200,35,3,8.57
Downside,0.236,1100,-0.382,1100,35,32,91.43
Downside,0.236,1100,-0.382,1200,35,3,8.57
Downside,0.236,1100,-0.236,1100,35,32,91.43
Downside,0.236,1100,-0.236,1200,35,3,8.57
Upside,0.236,1100,0.382,1100,103,26,25.24
Upside,0.236,1100,0.382,1200,103,18,17.48
Upside,0.236,1100,0.382,1300,103,8,7.77
Upside,0.236,1100,0.382,1400,103,7,6.8
Upside,0.236,1100,0.382,1500,103,4,3.88
Upside,0.236,1100,0.5,1100,103,9,8.74
Upside,0.236,1100,0.5,1200,103,12,11.65
Upside,0.236,1100,0.5,1300,103,10,9.71
Upside,0.236,1100,0.5,1400,103,6,5.83
Upside,0.236,1100,0.5,1500,103,11,10.68
Upside,0.236,1100,0.618,1100,103,5,4.85
Upside,0.236,1100,0.618,1200,103,5,4.85
Upside,0.236,1100,0.618,1300,103,4,3.88
Upside,0.236,1100,0.618,1400,103,6,5.83
Upside,0.236,1100,0.618,1500,103,9,8.74
Upside,0.236,1100,0.786,1100,103,2,1.94
Upside,0.236,1100,0.786,1200,103,3,2.91
Upside,0.236,1100,0.786,1300,103,3,2.91
Upside,0.236,1100,0.786,1500,103,5,4.85
Downside,0.236,1200,-0.786,1200,23,21,91.3
Downside,0.236,1200,-0.786,1300,23,2,8.7
Downside,0.236,1200,-0.618,1200,23,21,91.3
Downside,0.236,1200,-0.618,1300,23,2,8.7
Downside,0.236,1200,-0.5,1200,23,21,91.3
Downside,0.236,1200,-0.5,1300,23,2,8.7
Downside,0.236,1200,-0.382,1200,23,21,91.3
Downside,0.236,1200,-0.382,1300,23,2,8.7
Downside,0.236,1200,-0.236,1200,23,21,91.3
Downside,0.236,1200,-0.236,1300,23,2,8.7
Upside,0.236,1200,0.382,1200,47,9,19.15
Upside,0.236,1200,0.382,1300,47,6,12.77
Upside,0.236,1200,0.382,1400,47,5,10.64
Upside,0.236,1200,0.382,1500,47,4,8.51
Upside,0.236,1200,0.382,1600,47,1,2.13
Upside,0.236,1200,0.5,1200,47,5,10.64
Upside,0.236,1200,0.5,1300,47,6,12.77
Upside,0.236,1200,0.5,1400,47,1,2.13
Upside,0.236,1200,0.5,1500,47,5,10.64
Upside,0.236,1200,0.618,1200,47,3,6.38
Upside,0.236,1200,0.618,1300,47,3,6.38
Upside,0.236,1200,0.618,1400,47,2,4.26
Upside,0.236,1200,0.618,1500,47,3,6.38
Upside,0.236,1200,0.786,1200,47,1,2.13
Upside,0.236,1200,0.786,1300,47,1,2.13
Upside,0.236,1200,0.786,1400,47,1,2.13
Upside,0.236,1200,0.786,1500,47,1,2.13
Downside,0.236,1300,-0.786,1300,10,10,100.0
Downside,0.236,1300,-0.618,1300,10,10,100.0
Downside,0.236,1300,-0.5,1300,10,10,100.0
Downside,0.236,1300,-0.382,1300,10,10,100.0
Downside,0.236,1300,-0.236,1300,10,10,100.0
Upside,0.236,1300,0.382,1300,41,9,21.95
Upside,0.236,1300,0.382,1400,41,6,14.63
Upside,0.236,1300,0.382,1500,41,9,21.95
Upside,0.236,1300,0.5,1300,41,3,7.32
Upside,0.236,1300,0.5,1400,41,5,12.2
Upside,0.236,1300,0.5,1500,41,7,17.07
Upside,0.236,1300,0.618,1300,41,1,2.44
Upside,0.236,1300,0.618,1400,41,4,9.76
Upside,0.236,1300,0.618,1500,41,6,14.63
Upside,0.236,1300,0.786,1400,41,2,4.88
Upside,0.236,1300,0.786,1500,41,4,9.76
Downside,0.236,1400,-0.786,1400,13,12,92.31
Downside,0.236,1400,-0.786,1500,13,1,7.69
Downside,0.236,1400,-0.618,1400,13,12,92.31
Downside,0.236,1400,-0.618,1500,13,1,7.69
Downside,0.236,1400,-0.5,1400,13,12,92.31
Downside,0.236,1400,-0.5,1500,13,1,7.69
Downside,0.236,1400,-0.382,1400,13,12,92.31
Downside,0.236,1400,-0.382,1500,13,1,7.69
Downside,0.236,1400,-0.236,1400,13,12,92.31
Downside,0.236,1400,-0.236,1500,13,1,7.69
Upside,0.236,1400,0.382,1400,73,25,34.25
Upside,0.236,1400,0.382,1500,73,18,24.66
Upside,0.236,1400,0.5,1400,73,13,17.81
Upside,0.236,1400,0.5,1500,73,8,10.96
Upside,0.236,1400,0.618,1400,73,6,8.22
Upside,0.236,1400,0.618,1500,73,7,9.59
Upside,0.236,1400,0.786,1400,73,2,2.74
Upside,0.236,1400,0.786,1500,73,5,6.85
Downside,0.236,1500,-0.786,1500,10,8,80.0
Downside,0.236,1500,-0.786,1600,10,2,20.0
Downside,0.236,1500,-0.618,1500,10,8,80.0
Downside,0.236,1500,-0.618,1600,10,2,20.0
Downside,0.236,1500,-0.5,1500,10,8,80.0
Downside,0.236,1500,-0.5,1600,10,2,20.0
Downside,0.236,1500,-0.382,1500,10,8,80.0
Downside,0.236,1500,-0.382,1600,10,2,20.0
Downside,0.236,1500,-0.236,1500,10,8,80.0
Downside,0.236,1500,-0.236,1600,10,2,20.0
Upside,0.236,1500,0.382,1500,64,13,20.31
Upside,0.236,1500,0.5,1500,64,4,6.25
Upside,0.236,1500,0.618,1500,64,2,3.12
Upside,0.236,1500,0.786,1500,64,1,1.56
Downside,0.382,0900,-0.786,0900,2504,2400,95.85
Downside,0.382,0900,-0.786,1000,2504,27,1.08
Downside,0.382,0900,-0.786,1100,2504,10,0.4
Downside,0.382,0900,-0.786,1200,2504,8,0.32
Downside,0.382,0900,-0.786,1300,2504,4,0.16
Downside,0.382,0900,-0.786,1400,2504,1,0.04
Downside,0.382,0900,-0.786,1500,2504,2,0.08
Downside,0.382,0900,-0.618,0900,2504,2337,93.33
Downside,0.382,0900,-0.618,1000,2504,45,1.8
Downside,0.382,0900,-0.618,1100,2504,16,0.64
Downside,0.382,0900,-0.618,1200,2504,10,0.4
Downside,0.382,0900,-0.618,1300,2504,7,0.28
Downside,0.382,0900,-0.618,1400,2504,7,0.28
Downside,0.382,0900,-0.618,1500,2504,3,0.12
Downside,0.382,0900,-0.5,0900,2504,2273,90.77
Downside,0.382,0900,-0.5,1000,2504,63,2.52
Downside,0.382,0900,-0.5,1100,2504,15,0.6
Downside,0.382,0900,-0.5,1200,2504,13,0.52
Downside,0.382,0900,-0.5,1300,2504,10,0.4
Downside,0.382,0900,-0.5,1400,2504,9,0.36
Downside,0.382,0900,-0.5,1500,2504,6,0.24
Downside,0.382,0900,-0.382,0900,2504,2182,87.14
Downside,0.382,0900,-0.382,1000,2504,95,3.79
Downside,0.382,0900,-0.382,1100,2504,16,0.64
Downside,0.382,0900,-0.382,1200,2504,9,0.36
Downside,0.382,0900,-0.382,1300,2504,17,0.68
Downside,0.382,0900,-0.382,1400,2504,15,0.6
Downside,0.382,0900,-0.382,1500,2504,13,0.52
Downside,0.382,0900,-0.236,0900,2504,2025,80.87
Downside,0.382,0900,-0.236,1000,2504,127,5.07
Downside,0.382,0900,-0.236,1100,2504,34,1.36
Downside,0.382,0900,-0.236,1200,2504,19,0.76
Downside,0.382,0900,-0.236,1300,2504,24,0.96
Downside,0.382,0900,-0.236,1400,2504,23,0.92
Downside,0.382,0900,-0.236,1500,2504,17,0.68
Downside,0.382,0900,0.236,0900,2504,939,37.5
Downside,0.382,0900,0.236,1000,2504,240,9.58
Downside,0.382,0900,0.236,1100,2504,113,4.51
Downside,0.382,0900,0.236,1200,2504,49,1.96
Downside,0.382,0900,0.236,1300,2504,43,1.72
Downside,0.382,0900,0.236,1400,2504,75,3.0
Downside,0.382,0900,0.236,1500,2504,69,2.76
Downside,0.382,0900,0.236,1600,2504,2,0.08
Upside,0.382,0900,0.5,0900,876,630,71.92
Upside,0.382,0900,0.5,1000,876,90,10.27
Upside,0.382,0900,0.5,1100,876,25,2.85
Upside,0.382,0900,0.5,1200,876,14,1.6
Upside,0.382,0900,0.5,1300,876,7,0.8
Upside,0.382,0900,0.5,1400,876,10,1.14
Upside,0.382,0900,0.5,1500,876,8,0.91
Upside,0.382,0900,0.618,0900,876,446,50.91
Upside,0.382,0900,0.618,1000,876,107,12.21
Upside,0.382,0900,0.618,1100,876,49,5.59
Upside,0.382,0900,0.618,1200,876,20,2.28
Upside,0.382,0900,0.618,1300,876,10,1.14
Upside,0.382,0900,0.618,1400,876,23,2.63
Upside,0.382,0900,0.618,1500,876,24,2.74
Upside,0.382,0900,0.786,0900,876,243,27.74
Upside,0.382,0900,0.786,1000,876,121,13.81
Upside,0.382,0900,0.786,1100,876,61,6.96
Upside,0.382,0900,0.786,1200,876,38,4.34
Upside,0.382,0900,0.786,1300,876,21,2.4
Upside,0.382,0900,0.786,1400,876,22,2.51
Upside,0.382,0900,0.786,1500,876,32,3.65
Downside,0.382,1000,-0.786,1000,38,34,89.47
Downside,0.382,1000,-0.786,1100,38,4,10.53
Downside,0.382,1000,-0.618,1000,38,34,89.47
Downside,0.382,1000,-0.618,1100,38,4,10.53
Downside,0.382,1000,-0.5,1000,38,34,89.47
Downside,0.382,1000,-0.5,1100,38,4,10.53
Downside,0.382,1000,-0.382,1000,38,34,89.47
Downside,0.382,1000,-0.382,1100,38,4,10.53
Downside,0.382,1000,-0.236,1000,38,34,89.47
Downside,0.382,1000,-0.236,1100,38,4,10.53
Downside,0.382,1000,0.236,1000,38,34,89.47
Downside,0.382,1000,0.236,1100,38,4,10.53
Upside,0.382,1000,0.5,1000,171,64,37.43
Upside,0.382,1000,0.5,1100,171,38,22.22
Upside,0.382,1000,0.5,1200,171,10,5.85
Upside,0.382,1000,0.5,1300,171,8,4.68
Upside,0.382,1000,0.5,1400,171,5,2.92
Upside,0.382,1000,0.5,1500,171,6,3.51
Upside,0.382,1000,0.618,1000,171,18,10.53
Upside,0.382,1000,0.618,1100,171,29,16.96
Upside,0.382,1000,0.618,1200,171,14,8.19
Upside,0.382,1000,0.618,1300,171,17,9.94
Upside,0.382,1000,0.618,1400,171,8,4.68
Upside,0.382,1000,0.618,1500,171,8,4.68
Upside,0.382,1000,0.786,1000,171,5,2.92
Upside,0.382,1000,0.786,1100,171,13,7.6
Upside,0.382,1000,0.786,1200,171,8,4.68
Upside,0.382,1000,0.786,1300,171,8,4.68
Upside,0.382,1000,0.786,1400,171,6,3.51
Upside,0.382,1000,0.786,1500,171,17,9.94
Downside,0.382,1100,-0.786,1100,14,12,85.71
Downside,0.382,1100,-0.786,1200,14,2,14.29
Downside,0.382,1100,-0.618,1100,14,12,85.71
Downside,0.382,1100,-0.618,1200,14,2,14.29
Downside,0.382,1100,-0.5,1100,14,12,85.71
Downside,0.382,1100,-0.5,1200,14,2,14.29
Downside,0.382,1100,-0.382,1100,14,12,85.71
Downside,0.382,1100,-0.382,1200,14,2,14.29
Downside,0.382,1100,-0.236,1100,14,12,85.71
Downside,0.382,1100,-0.236,1200,14,2,14.29
Downside,0.382,1100,0.236,1100,14,12,85.71
Downside,0.382,1100,0.236,1200,14,2,14.29
Upside,0.382,1100,0.5,1100,113,43,38.05
Upside,0.382,1100,0.5,1200,113,15,13.27
Upside,0.382,1100,0.5,1300,113,13,11.5
Upside,0.382,1100,0.5,1400,113,7,6.19
Upside,0.382,1100,0.5,1500,113,9,7.96
Upside,0.382,1100,0.618,1100,113,18,15.93
Upside,0.382,1100,0.618,1200,113,10,8.85
Upside,0.382,1100,0.618,1300,113,11,9.73
Upside,0.382,1100,0.618,1400,113,8,7.08
Upside,0.382,1100,0.618,1500,113,9,7.96
Upside,0.382,1100,0.786,1100,113,7,6.19
Upside,0.382,1100,0.786,1200,113,9,7.96
Upside,0.382,1100,0.786,1300,113,4,3.54
Upside,0.382,1100,0.786,1400,113,5,4.42
Upside,0.382,1100,0.786,1500,113,10,8.85
Downside,0.382,1200,-0.786,1200,12,10,83.33
Downside,0.382,1200,-0.786,1300,12,2,16.67
Downside,0.382,1200,-0.618,1200,12,10,83.33
Downside,0.382,1200,-0.618,1300,12,2,16.67
Downside,0.382,1200,-0.5,1200,12,10,83.33
Downside,0.382,1200,-0.5,1300,12,2,16.67
Downside,0.382,1200,-0.382,1200,12,10,83.33
Downside,0.382,1200,-0.382,1300,12,2,16.67
Downside,0.382,1200,-0.236,1200,12,10,83.33
Downside,0.382,1200,-0.236,1300,12,2,16.67
Downside,0.382,1200,0.236,1200,12,10,83.33
Downside,0.382,1200,0.236,1300,12,2,16.67
Upside,0.382,1200,0.5,1200,62,19,30.65
Upside,0.382,1200,0.5,1300,62,10,16.13
Upside,0.382,1200,0.5,1400,62,5,8.06
Upside,0.382,1200,0.5,1500,62,9,14.52
Upside,0.382,1200,0.618,1200,62,8,12.9
Upside,0.382,1200,0.618,1300,62,8,12.9
Upside,0.382,1200,0.618,1400,62,6,9.68
Upside,0.382,1200,0.618,1500,62,7,11.29
Upside,0.382,1200,0.786,1200,62,2,3.23
Upside,0.382,1200,0.786,1300,62,3,4.84
Upside,0.382,1200,0.786,1400,62,4,6.45
Upside,0.382,1200,0.786,1500,62,4,6.45
Downside,0.382,1300,-0.786,1300,8,8,100.0
Downside,0.382,1300,-0.618,1300,8,8,100.0
Downside,0.382,1300,-0.5,1300,8,8,100.0
Downside,0.382,1300,-0.382,1300,8,8,100.0
Downside,0.382,1300,-0.236,1300,8,8,100.0
Downside,0.382,1300,0.236,1300,8,8,100.0
Upside,0.382,1300,0.5,1300,42,14,33.33
Upside,0.382,1300,0.5,1400,42,9,21.43
Upside,0.382,1300,0.5,1500,42,8,19.05
Upside,0.382,1300,0.618,1300,42,3,7.14
Upside,0.382,1300,0.618,1400,42,10,23.81
Upside,0.382,1300,0.618,1500,42,8,19.05
Upside,0.382,1300,0.786,1400,42,5,11.9
Upside,0.382,1300,0.786,1500,42,3,7.14
Downside,0.382,1400,-0.786,1400,9,7,77.78
Downside,0.382,1400,-0.786,1500,9,2,22.22
Downside,0.382,1400,-0.618,1400,9,7,77.78
Downside,0.382,1400,-0.618,1500,9,2,22.22
Downside,0.382,1400,-0.5,1400,9,7,77.78
Downside,0.382,1400,-0.5,1500,9,2,22.22
Downside,0.382,1400,-0.382,1400,9,7,77.78
Downside,0.382,1400,-0.382,1500,9,2,22.22
Downside,0.382,1400,-0.236,1400,9,7,77.78
Downside,0.382,1400,-0.236,1500,9,2,22.22
Downside,0.382,1400,0.236,1400,9,7,77.78
Downside,0.382,1400,0.236,1500,9,2,22.22
Upside,0.382,1400,0.5,1400,66,24,36.36
Upside,0.382,1400,0.5,1500,66,21,31.82
Upside,0.382,1400,0.618,1400,66,11,16.67
Upside,0.382,1400,0.618,1500,66,16,24.24
Upside,0.382,1400,0.786,1400,66,4,6.06
Upside,0.382,1400,0.786,1500,66,8,12.12
Downside,0.382,1500,-0.786,1500,6,6,100.0
Downside,0.382,1500,-0.618,1500,6,6,100.0
Downside,0.382,1500,-0.5,1500,6,6,100.0
Downside,0.382,1500,-0.382,1500,6,6,100.0
Downside,0.382,1500,-0.236,1500,6,6,100.0
Downside,0.382,1500,0.236,1500,6,6,100.0
Upside,0.382,1500,0.5,1500,66,15,22.73
Upside,0.382,1500,0.618,1500,66,6,9.09
Upside,0.382,1500,0.786,1500,66,2,3.03
Downside,0.5,0900,-0.786,0900,2604,2509,96.35
Downside,0.5,0900,-0.786,1000,2604,18,0.69
Downside,0.5,0900,-0.786,1100,2604,10,0.38
Downside,0.5,0900,-0.786,1200,2604,8,0.31
Downside,0.5,0900,-0.786,1300,2604,4,0.15
Downside,0.5,0900,-0.786,1400,2604,1,0.04
Downside,0.5,0900,-0.786,1500,2604,2,0.08
Downside,0.5,0900,-0.618,0900,2604,2446,93.93
Downside,0.5,0900,-0.618,1000,2604,36,1.38
Downside,0.5,0900,-0.618,1100,2604,16,0.61
Downside,0.5,0900,-0.618,1200,2604,10,0.38
Downside,0.5,0900,-0.618,1300,2604,7,0.27
Downside,0.5,0900,-0.618,1400,2604,7,0.27
Downside,0.5,0900,-0.618,1500,2604,3,0.12
Downside,0.5,0900,-0.5,0900,2604,2382,91.47
Downside,0.5,0900,-0.5,1000,2604,54,2.07
Downside,0.5,0900,-0.5,1100,2604,15,0.58
Downside,0.5,0900,-0.5,1200,2604,13,0.5
Downside,0.5,0900,-0.5,1300,2604,10,0.38
Downside,0.5,0900,-0.5,1400,2604,9,0.35
Downside,0.5,0900,-0.5,1500,2604,6,0.23
Downside,0.5,0900,-0.382,0900,2604,2291,87.98
Downside,0.5,0900,-0.382,1000,2604,86,3.3
Downside,0.5,0900,-0.382,1100,2604,16,0.61
Downside,0.5,0900,-0.382,1200,2604,9,0.35
Downside,0.5,0900,-0.382,1300,2604,17,0.65
Downside,0.5,0900,-0.382,1400,2604,15,0.58
Downside,0.5,0900,-0.382,1500,2604,13,0.5
Downside,0.5,0900,-0.236,0900,2604,2134,81.95
Downside,0.5,0900,-0.236,1000,2604,118,4.53
Downside,0.5,0900,-0.236,1100,2604,34,1.31
Downside,0.5,0900,-0.236,1200,2604,19,0.73
Downside,0.5,0900,-0.236,1300,2604,24,0.92
Downside,0.5,0900,-0.236,1400,2604,23,0.88
Downside,0.5,0900,-0.236,1500,2604,17,0.65
Downside,0.5,0900,0.236,0900,2604,1048,40.25
Downside,0.5,0900,0.236,1000,2604,232,8.91
Downside,0.5,0900,0.236,1100,2604,113,4.34
Downside,0.5,0900,0.236,1200,2604,49,1.88
Downside,0.5,0900,0.236,1300,2604,43,1.65
Downside,0.5,0900,0.236,1400,2604,75,2.88
Downside,0.5,0900,0.236,1500,2604,69,2.65
Downside,0.5,0900,0.236,1600,2604,2,0.08
Downside,0.5,0900,0.382,0900,2604,697,26.77
Downside,0.5,0900,0.382,1000,2604,190,7.3
Downside,0.5,0900,0.382,1100,2604,122,4.69
Downside,0.5,0900,0.382,1200,2604,66,2.53
Downside,0.5,0900,0.382,1300,2604,43,1.65
Downside,0.5,0900,0.382,1400,2604,69,2.65
Downside,0.5,0900,0.382,1500,2604,67,2.57
Downside,0.5,0900,0.382,1600,2604,1,0.04
Upside,0.5,0900,0.618,0900,630,446,70.79
Upside,0.5,0900,0.618,1000,630,68,10.79
Upside,0.5,0900,0.618,1100,630,22,3.49
Upside,0.5,0900,0.618,1200,630,5,0.79
Upside,0.5,0900,0.618,1300,630,4,0.63
Upside,0.5,0900,0.618,1400,630,11,1.75
Upside,0.5,0900,0.618,1500,630,4,0.63
Upside,0.5,0900,0.786,0900,630,243,38.57
Upside,0.5,0900,0.786,1000,630,115,18.25
Upside,0.5,0900,0.786,1100,630,49,7.78
Upside,0.5,0900,0.786,1200,630,20,3.17
Upside,0.5,0900,0.786,1300,630,12,1.9
Upside,0.5,0900,0.786,1400,630,12,1.9
Upside,0.5,0900,0.786,1500,630,19,3.02
Downside,0.5,1000,-0.786,1000,23,17,73.91
Downside,0.5,1000,-0.786,1100,23,6,26.09
Downside,0.5,1000,-0.618,1000,23,17,73.91
Downside,0.5,1000,-0.618,1100,23,6,26.09
Downside,0.5,1000,-0.5,1000,23,17,73.91
Downside,0.5,1000,-0.5,1100,23,6,26.09
Downside,0.5,1000,-0.382,1000,23,17,73.91
Downside,0.5,1000,-0.382,1100,23,6,26.09
Downside,0.5,1000,-0.236,1000,23,17,73.91
Downside,0.5,1000,-0.236,1100,23,6,26.09
Downside,0.5,1000,0.236,1000,23,17,73.91
Downside,0.5,1000,0.236,1100,23,6,26.09
Downside,0.5,1000,0.382,1000,23,17,73.91
Downside,0.5,1000,0.382,1100,23,6,26.09
Upside,0.5,1000,0.618,1000,154,57,37.01
Upside,0.5,1000,0.618,1100,154,37,24.03
Upside,0.5,1000,0.618,1200,154,12,7.79
Upside,0.5,1000,0.618,1300,154,5,3.25
Upside,0.5,1000,0.618,1400,154,6,3.9
Upside,0.5,1000,0.618,1500,154,8,5.19
Upside,0.5,1000,0.786,1000,154,11,7.14
Upside,0.5,1000,0.786,1100,154,22,14.29
Upside,0.5,1000,0.786,1200,154,16,10.39
Upside,0.5,1000,0.786,1300,154,10,6.49
Upside,0.5,1000,0.786,1400,154,10,6.49
Upside,0.5,1000,0.786,1500,154,13,8.44
Downside,0.5,1100,-0.786,1100,8,6,75.0
Downside,0.5,1100,-0.786,1200,8,2,25.0
Downside,0.5,1100,-0.618,1100,8,6,75.0
Downside,0.5,1100,-0.618,1200,8,2,25.0
Downside,0.5,1100,-0.5,1100,8,6,75.0
Downside,0.5,1100,-0.5,1200,8,2,25.0
Downside,0.5,1100,-0.382,1100,8,6,75.0
Downside,0.5,1100,-0.382,1200,8,2,25.0
Downside,0.5,1100,-0.236,1100,8,6,75.0
Downside,0.5,1100,-0.236,1200,8,2,25.0
Downside,0.5,1100,0.236,1100,8,6,75.0
Downside,0.5,1100,0.236,1200,8,2,25.0
Downside,0.5,1100,0.382,1100,8,6,75.0
Downside,0.5,1100,0.382,1200,8,2,25.0
Upside,0.5,1100,0.618,1100,106,37,34.91
Upside,0.5,1100,0.618,1200,106,19,17.92
Upside,0.5,1100,0.618,1300,106,13,12.26
Upside,0.5,1100,0.618,1400,106,2,1.89
Upside,0.5,1100,0.618,1500,106,7,6.6
Upside,0.5,1100,0.786,1100,106,10,9.43
Upside,0.5,1100,0.786,1200,106,18,16.98
Upside,0.5,1100,0.786,1300,106,7,6.6
Upside,0.5,1100,0.786,1400,106,5,4.72
Upside,0.5,1100,0.786,1500,106,14,13.21
Downside,0.5,1200,-0.786,1200,6,6,100.0
Downside,0.5,1200,-0.618,1200,6,6,100.0
Downside,0.5,1200,-0.5,1200,6,6,100.0
Downside,0.5,1200,-0.382,1200,6,6,100.0
Downside,0.5,1200,-0.236,1200,6,6,100.0
Downside,0.5,1200,0.236,1200,6,6,100.0
Downside,0.5,1200,0.382,1200,6,6,100.0
Upside,0.5,1200,0.618,1200,58,16,27.59
Upside,0.5,1200,0.618,1300,58,10,17.24
Upside,0.5,1200,0.618,1400,58,10,17.24
Upside,0.5,1200,0.618,1500,58,4,6.9
Upside,0.5,1200,0.786,1200,58,3,5.17
Upside,0.5,1200,0.786,1300,58,7,12.07
Upside,0.5,1200,0.786,1400,58,6,10.34
Upside,0.5,1200,0.786,1500,58,4,6.9
Downside,0.5,1300,-0.786,1300,4,4,100.0
Downside,0.5,1300,-0.618,1300,4,4,100.0
Downside,0.5,1300,-0.5,1300,4,4,100.0
Downside,0.5,1300,-0.382,1300,4,4,100.0
Downside,0.5,1300,-0.236,1300,4,4,100.0
Downside,0.5,1300,0.236,1300,4,4,100.0
Downside,0.5,1300,0.382,1300,4,4,100.0
Upside,0.5,1300,0.618,1300,52,17,32.69
Upside,0.5,1300,0.618,1400,52,15,28.85
Upside,0.5,1300,0.618,1500,52,7,13.46
Upside,0.5,1300,0.786,1400,52,5,9.62
Upside,0.5,1300,0.786,1500,52,6,11.54
Downside,0.5,1400,-0.786,1400,3,3,100.0
Downside,0.5,1400,-0.618,1400,3,3,100.0
Downside,0.5,1400,-0.5,1400,3,3,100.0
Downside,0.5,1400,-0.382,1400,3,3,100.0
Downside,0.5,1400,-0.236,1400,3,3,100.0
Downside,0.5,1400,0.236,1400,3,3,100.0
Downside,0.5,1400,0.382,1400,3,2,66.67
Upside,0.5,1400,0.618,1400,60,22,36.67
Upside,0.5,1400,0.618,1500,60,19,31.67
Upside,0.5,1400,0.786,1400,60,8,13.33
Upside,0.5,1400,0.786,1500,60,12,20.0
Downside,0.5,1500,-0.786,1500,3,2,66.67
Downside,0.5,1500,-0.786,1600,3,1,33.33
Downside,0.5,1500,-0.618,1500,3,2,66.67
Downside,0.5,1500,-0.618,1600,3,1,33.33
Downside,0.5,1500,-0.5,1500,3,2,66.67
Downside,0.5,1500,-0.5,1600,3,1,33.33
Downside,0.5,1500,-0.382,1500,3,2,66.67
Downside,0.5,1500,-0.382,1600,3,1,33.33
Downside,0.5,1500,-0.236,1500,3,2,66.67
Downside,0.5,1500,-0.236,1600,3,1,33.33
Downside,0.5,1500,0.236,1500,3,2,66.67
Downside,0.5,1500,0.236,1600,3,1,33.33
Downside,0.5,1500,0.382,1500,3,2,66.67
Downside,0.5,1500,0.382,1600,3,1,33.33
Upside,0.5,1500,0.618,1500,76,29,38.16
Upside,0.5,1500,0.786,1500,76,8,10.53
Downside,0.618,0900,-0.786,0900,2659,2562,96.35
Downside,0.618,0900,-0.786,1000,2659,20,0.75
Downside,0.618,0900,-0.786,1100,2659,10,0.38
Downside,0.618,0900,-0.786,1200,2659,8,0.3
Downside,0.618,0900,-0.786,1300,2659,4,0.15
Downside,0.618,0900,-0.786,1400,2659,1,0.04
Downside,0.618,0900,-0.786,1500,2659,2,0.08
Downside,0.618,0900,-0.618,0900,2659,2499,93.98
Downside,0.618,0900,-0.618,1000,2659,38,1.43
Downside,0.618,0900,-0.618,1100,2659,16,0.6
Downside,0.618,0900,-0.618,1200,2659,10,0.38
Downside,0.618,0900,-0.618,1300,2659,7,0.26
Downside,0.618,0900,-0.618,1400,2659,7,0.26
Downside,0.618,0900,-0.618,1500,2659,3,0.11
Downside,0.618,0900,-0.5,0900,2659,2435,91.58
Downside,0.618,0900,-0.5,1000,2659,56,2.11
Downside,0.618,0900,-0.5,1100,2659,15,0.56
Downside,0.618,0900,-0.5,1200,2659,13,0.49
Downside,0.618,0900,-0.5,1300,2659,10,0.38
Downside,0.618,0900,-0.5,1400,2659,9,0.34
Downside,0.618,0900,-0.5,1500,2659,6,0.23
Downside,0.618,0900,-0.382,0900,2659,2344,88.15
Downside,0.618,0900,-0.382,1000,2659,88,3.31
Downside,0.618,0900,-0.382,1100,2659,16,0.6
Downside,0.618,0900,-0.382,1200,2659,9,0.34
Downside,0.618,0900,-0.382,1300,2659,17,0.64
Downside,0.618,0900,-0.382,1400,2659,15,0.56
Downside,0.618,0900,-0.382,1500,2659,13,0.49
Downside,0.618,0900,-0.236,0900,2659,2187,82.25
Downside,0.618,0900,-0.236,1000,2659,120,4.51
Downside,0.618,0900,-0.236,1100,2659,34,1.28
Downside,0.618,0900,-0.236,1200,2659,19,0.71
Downside,0.618,0900,-0.236,1300,2659,24,0.9
Downside,0.618,0900,-0.236,1400,2659,23,0.86
Downside,0.618,0900,-0.236,1500,2659,17,0.64
Downside,0.618,0900,0.236,0900,2659,1101,41.41
Downside,0.618,0900,0.236,1000,2659,234,8.8
Downside,0.618,0900,0.236,1100,2659,113,4.25
Downside,0.618,0900,0.236,1200,2659,49,1.84
Downside,0.618,0900,0.236,1300,2659,43,1.62
Downside,0.618,0900,0.236,1400,2659,75,2.82
Downside,0.618,0900,0.236,1500,2659,69,2.59
Downside,0.618,0900,0.236,1600,2659,2,0.08
Downside,0.618,0900,0.382,0900,2659,750,28.21
Downside,0.618,0900,0.382,1000,2659,192,7.22
Downside,0.618,0900,0.382,1100,2659,122,4.59
Downside,0.618,0900,0.382,1200,2659,66,2.48
Downside,0.618,0900,0.382,1300,2659,43,1.62
Downside,0.618,0900,0.382,1400,2659,69,2.59
Downside,0.618,0900,0.382,1500,2659,67,2.52
Downside,0.618,0900,0.382,1600,2659,1,0.04
Downside,0.618,0900,0.5,0900,2659,515,19.37
Downside,0.618,0900,0.5,1000,2659,178,6.69
Downside,0.618,0900,0.5,1100,2659,109,4.1
Downside,0.618,0900,0.5,1200,2659,61,2.29
Downside,0.618,0900,0.5,1300,2659,55,2.07
Downside,0.618,0900,0.5,1400,2659,61,2.29
Downside,0.618,0900,0.5,1500,2659,77,2.9
Upside,0.618,0900,0.786,0900,446,243,54.48
Upside,0.618,0900,0.786,1000,446,89,19.96
Upside,0.618,0900,0.786,1100,446,26,5.83
Upside,0.618,0900,0.786,1200,446,12,2.69
Upside,0.618,0900,0.786,1300,446,8,1.79
Upside,0.618,0900,0.786,1400,446,6,1.35
Upside,0.618,0900,0.786,1500,446,13,2.91
Downside,0.618,1000,-0.786,1000,12,8,66.67
Downside,0.618,1000,-0.786,1100,12,4,33.33
Downside,0.618,1000,-0.618,1000,12,8,66.67
Downside,0.618,1000,-0.618,1100,12,4,33.33
Downside,0.618,1000,-0.5,1000,12,8,66.67
Downside,0.618,1000,-0.5,1100,12,4,33.33
Downside,0.618,1000,-0.382,1000,12,8,66.67
Downside,0.618,1000,-0.382,1100,12,4,33.33
Downside,0.618,1000,-0.236,1000,12,8,66.67
Downside,0.618,1000,-0.236,1100,12,4,33.33
Downside,0.618,1000,0.236,1000,12,8,66.67
Downside,0.618,1000,0.236,1100,12,4,33.33
Downside,0.618,1000,0.382,1000,12,8,66.67
Downside,0.618,1000,0.382,1100,12,4,33.33
Downside,0.618,1000,0.5,1000,12,8,66.67
Downside,0.618,1000,0.5,1100,12,4,33.33
Upside,0.618,1000,0.786,1000,125,37,29.6
Upside,0.618,1000,0.786,1100,125,26,20.8
Upside,0.618,1000,0.786,1200,125,10,8.0
Upside,0.618,1000,0.786,1300,125,3,2.4
Upside,0.618,1000,0.786,1400,125,5,4.0
Upside,0.618,1000,0.786,1500,125,6,4.8
Downside,0.618,1100,-0.786,1100,4,4,100.0
Downside,0.618,1100,-0.618,1100,4,4,100.0
Downside,0.618,1100,-0.5,1100,4,4,100.0
Downside,0.618,1100,-0.382,1100,4,4,100.0
Downside,0.618,1100,-0.236,1100,4,4,100.0
Downside,0.618,1100,0.236,1100,4,4,100.0
Downside,0.618,1100,0.382,1100,4,4,100.0
Downside,0.618,1100,0.5,1100,4,4,100.0
Upside,0.618,1100,0.786,1100,96,29,30.21
Upside,0.618,1100,0.786,1200,96,23,23.96
Upside,0.618,1100,0.786,1300,96,6,6.25
Upside,0.618,1100,0.786,1400,96,5,5.21
Upside,0.618,1100,0.786,1500,96,8,8.33
Downside,0.618,1200,-0.786,1200,5,3,60.0
Downside,0.618,1200,-0.786,1300,5,2,40.0
Downside,0.618,1200,-0.618,1200,5,3,60.0
Downside,0.618,1200,-0.618,1300,5,2,40.0
Downside,0.618,1200,-0.5,1200,5,3,60.0
Downside,0.618,1200,-0.5,1300,5,2,40.0
Downside,0.618,1200,-0.382,1200,5,3,60.0
Downside,0.618,1200,-0.382,1300,5,2,40.0
Downside,0.618,1200,-0.236,1200,5,3,60.0
Downside,0.618,1200,-0.236,1300,5,2,40.0
Downside,0.618,1200,0.236,1200,5,3,60.0
Downside,0.618,1200,0.236,1300,5,2,40.0
Downside,0.618,1200,0.382,1200,5,3,60.0
Downside,0.618,1200,0.382,1300,5,2,40.0
Downside,0.618,1200,0.5,1200,5,3,60.0
Downside,0.618,1200,0.5,1300,5,2,40.0
Upside,0.618,1200,0.786,1200,52,12,23.08
Upside,0.618,1200,0.786,1300,52,13,25.0
Upside,0.618,1200,0.786,1400,52,4,7.69
Upside,0.618,1200,0.786,1500,52,6,11.54
Downside,0.618,1300,-0.786,1300,2,1,50.0
Downside,0.618,1300,-0.786,1400,2,1,50.0
Downside,0.618,1300,-0.618,1300,2,1,50.0
Downside,0.618,1300,-0.618,1400,2,1,50.0
Downside,0.618,1300,-0.5,1300,2,1,50.0
Downside,0.618,1300,-0.5,1400,2,1,50.0
Downside,0.618,1300,-0.382,1300,2,1,50.0
Downside,0.618,1300,-0.382,1400,2,1,50.0
Downside,0.618,1300,-0.236,1300,2,1,50.0
Downside,0.618,1300,-0.236,1400,2,1,50.0
Downside,0.618,1300,0.236,1300,2,1,50.0
Downside,0.618,1300,0.236,1400,2,1,50.0
Downside,0.618,1300,0.382,1300,2,1,50.0
Downside,0.618,1300,0.382,1400,2,1,50.0
Downside,0.618,1300,0.5,1300,2,1,50.0
Downside,0.618,1300,0.5,1400,2,1,50.0
Upside,0.618,1300,0.786,1300,49,6,12.24
Upside,0.618,1300,0.786,1400,49,10,20.41
Upside,0.618,1300,0.786,1500,49,9,18.37
Downside,0.618,1400,-0.786,1400,1,1,100.0
Downside,0.618,1400,-0.618,1400,1,1,100.0
Downside,0.618,1400,-0.5,1400,1,1,100.0
Downside,0.618,1400,-0.382,1400,1,1,100.0
Downside,0.618,1400,-0.236,1400,1,1,100.0
Downside,0.618,1400,0.236,1400,1,1,100.0
Downside,0.618,1400,0.382,1400,1,1,100.0
Downside,0.618,1400,0.5,1400,1,1,100.0
Upside,0.618,1400,0.786,1400,66,16,24.24
Upside,0.618,1400,0.786,1500,66,15,22.73
Downside,0.618,1500,-0.786,1500,3,1,33.33
Downside,0.618,1500,-0.786,1600,3,2,66.67
Downside,0.618,1500,-0.618,1500,3,1,33.33
Downside,0.618,1500,-0.618,1600,3,2,66.67
Downside,0.618,1500,-0.5,1500,3,1,33.33
Downside,0.618,1500,-0.5,1600,3,2,66.67
Downside,0.618,1500,-0.382,1500,3,1,33.33
Downside,0.618,1500,-0.382,1600,3,2,66.67
Downside,0.618,1500,-0.236,1500,3,1,33.33
Downside,0.618,1500,-0.236,1600,3,2,66.67
Downside,0.618,1500,0.236,1500,3,1,33.33
Downside,0.618,1500,0.236,1600,3,2,66.67
Downside,0.618,1500,0.382,1500,3,1,33.33
Downside,0.618,1500,0.382,1600,3,2,66.67
Downside,0.618,1500,0.5,1500,3,1,33.33
Downside,0.618,1500,0.5,1600,3,2,66.67
Upside,0.618,1500,0.786,1500,78,19,24.36
Downside,0.786,0900,-0.786,0900,2692,2599,96.55
Downside,0.786,0900,-0.786,1000,2692,16,0.59
Downside,0.786,0900,-0.786,1100,2692,10,0.37
Downside,0.786,0900,-0.786,1200,2692,8,0.3
Downside,0.786,0900,-0.786,1300,2692,4,0.15
Downside,0.786,0900,-0.786,1400,2692,1,0.04
Downside,0.786,0900,-0.786,1500,2692,2,0.07
Downside,0.786,0900,-0.618,0900,2692,2536,94.21
Downside,0.786,0900,-0.618,1000,2692,34,1.26
Downside,0.786,0900,-0.618,1100,2692,16,0.59
Downside,0.786,0900,-0.618,1200,2692,10,0.37
Downside,0.786,0900,-0.618,1300,2692,7,0.26
Downside,0.786,0900,-0.618,1400,2692,7,0.26
Downside,0.786,0900,-0.618,1500,2692,3,0.11
Downside,0.786,0900,-0.5,0900,2692,2472,91.83
Downside,0.786,0900,-0.5,1000,2692,52,1.93
Downside,0.786,0900,-0.5,1100,2692,15,0.56
Downside,0.786,0900,-0.5,1200,2692,13,0.48
Downside,0.786,0900,-0.5,1300,2692,10,0.37
Downside,0.786,0900,-0.5,1400,2692,9,0.33
Downside,0.786,0900,-0.5,1500,2692,6,0.22
Downside,0.786,0900,-0.382,0900,2692,2381,88.45
Downside,0.786,0900,-0.382,1000,2692,84,3.12
Downside,0.786,0900,-0.382,1100,2692,16,0.59
Downside,0.786,0900,-0.382,1200,2692,9,0.33
Downside,0.786,0900,-0.382,1300,2692,17,0.63
Downside,0.786,0900,-0.382,1400,2692,15,0.56
Downside,0.786,0900,-0.382,1500,2692,13,0.48
Downside,0.786,0900,-0.236,0900,2692,2224,82.62
Downside,0.786,0900,-0.236,1000,2692,116,4.31
Downside,0.786,0900,-0.236,1100,2692,34,1.26
Downside,0.786,0900,-0.236,1200,2692,19,0.71
Downside,0.786,0900,-0.236,1300,2692,24,0.89
Downside,0.786,0900,-0.236,1400,2692,23,0.85
Downside,0.786,0900,-0.236,1500,2692,17,0.63
Downside,0.786,0900,0.236,0900,2692,1138,42.27
Downside,0.786,0900,0.236,1000,2692,230,8.54
Downside,0.786,0900,0.236,1100,2692,113,4.2
Downside,0.786,0900,0.236,1200,2692,49,1.82
Downside,0.786,0900,0.236,1300,2692,43,1.6
Downside,0.786,0900,0.236,1400,2692,75,2.79
Downside,0.786,0900,0.236,1500,2692,69,2.56
Downside,0.786,0900,0.236,1600,2692,2,0.07
Downside,0.786,0900,0.382,0900,2692,787,29.23
Downside,0.786,0900,0.382,1000,2692,188,6.98
Downside,0.786,0900,0.382,1100,2692,122,4.53
Downside,0.786,0900,0.382,1200,2692,66,2.45
Downside,0.786,0900,0.382,1300,2692,43,1.6
Downside,0.786,0900,0.382,1400,2692,69,2.56
Downside,0.786,0900,0.382,1500,2692,67,2.49
Downside,0.786,0900,0.382,1600,2692,1,0.04
Downside,0.786,0900,0.5,0900,2692,552,20.51
Downside,0.786,0900,0.5,1000,2692,174,6.46
Downside,0.786,0900,0.5,1100,2692,109,4.05
Downside,0.786,0900,0.5,1200,2692,61,2.27
Downside,0.786,0900,0.5,1300,2692,55,2.04
Downside,0.786,0900,0.5,1400,2692,61,2.27
Downside,0.786,0900,0.5,1500,2692,77,2.86
Downside,0.786,0900,0.618,0900,2692,378,14.04
Downside,0.786,0900,0.618,1000,2692,144,5.35
Downside,0.786,0900,0.618,1100,2692,98,3.64
Downside,0.786,0900,0.618,1200,2692,56,2.08
Downside,0.786,0900,0.618,1300,2692,52,1.93
Downside,0.786,0900,0.618,1400,2692,67,2.49
Downside,0.786,0900,0.618,1500,2692,80,2.97
Downside,0.786,1000,-0.786,1000,9,9,100.0
Downside,0.786,1000,-0.618,1000,9,9,100.0
Downside,0.786,1000,-0.5,1000,9,9,100.0
Downside,0.786,1000,-0.382,1000,9,9,100.0
Downside,0.786,1000,-0.236,1000,9,9,100.0
Downside,0.786,1000,0.236,1000,9,9,100.0
Downside,0.786,1000,0.382,1000,9,9,100.0
Downside,0.786,1000,0.5,1000,9,9,100.0
Downside,0.786,1000,0.618,1000,9,9,100.0
Downside,0.786,1100,-0.786,1100,3,3,100.0
Downside,0.786,1100,-0.618,1100,3,3,100.0
Downside,0.786,1100,-0.5,1100,3,3,100.0
Downside,0.786,1100,-0.382,1100,3,3,100.0
Downside,0.786,1100,-0.236,1100,3,3,100.0
Downside,0.786,1100,0.236,1100,3,3,100.0
Downside,0.786,1100,0.382,1100,3,3,100.0
Downside,0.786,1100,0.5,1100,3,3,100.0
Downside,0.786,1100,0.618,1100,3,3,100.0
Downside,0.786,1400,-0.786,1400,1,1,100.0
Downside,0.786,1400,-0.618,1400,1,1,100.0
Downside,0.786,1400,-0.5,1400,1,1,100.0
Downside,0.786,1400,-0.382,1400,1,1,100.0
Downside,0.786,1400,-0.236,1400,1,1,100.0
Downside,0.786,1400,0.236,1400,1,1,100.0
Downside,0.786,1400,0.382,1400,1,1,100.0
Downside,0.786,1400,0.5,1400,1,1,100.0
Downside,0.786,1400,0.618,1400,1,1,100.0
Downside,0.786,1500,-0.786,1600,1,1,100.0
Downside,0.786,1500,-0.618,1600,1,1,100.0
Downside,0.786,1500,-0.5,1600,1,1,100.0
Downside,0.786,1500,-0.382,1600,1,1,100.0
Downside,0.786,1500,-0.236,1600,1,1,100.0
Downside,0.786,1500,0.236,1600,1,1,100.0
Downside,0.786,1500,0.382,1600,1,1,100.0
Downside,0.786,1500,0.5,1600,1,1,100.0
Downside,0.786,1500,0.618,1600,1,1,100.0
