trigger_level,goal_level,trigger_hour,goal_hour,percent_complete,raw_count,direction
-1.0,-1.0,OPEN,OPEN,47.5,22,Above
-1.0,-1.0,OPEN,OPEN,93.9,19,Below
-1.0,-1.0,OPEN,0900,37.2,89,Above
-1.0,-1.0,OPEN,0900,31.2,11,Below
-1.0,-1.0,OPEN,1000,26.8,16,Above
-1.0,-1.0,OPEN,1000,94.2,30,Below
-1.0,-1.0,OPEN,1100,47.7,28,Above
-1.0,-1.0,OPEN,1100,57.2,38,Below
-1.0,-1.0,OPEN,1200,12.5,60,Above
-1.0,-1.0,OPEN,1200,92.3,97,Below
-1.0,-1.0,OPEN,1300,60.3,96,Above
-1.0,-1.0,OPEN,1300,82.1,19,Below
-1.0,-1.0,OPEN,1400,82.2,71,Above
-1.0,-1.0,OPEN,1400,72.3,11,Below
-1.0,-1.0,OPEN,1500,87.9,91,Above
-1.0,-1.0,OPEN,1500,17.7,23,Below
-1.0,-1.0,OPEN,1600,34.6,82,Above
-1.0,-1.0,OPEN,1600,18.9,13,Below
-1.0,-1.0,0900,OPEN,70.4,59,Above
-1.0,-1.0,0900,OPEN,58.0,78,Below
-1.0,-1.0,0900,0900,36.1,53,Above
-1.0,-1.0,0900,0900,71.8,62,Below
-1.0,-1.0,0900,1000,47.1,51,Above
-1.0,-1.0,0900,1000,66.2,74,Below
-1.0,-1.0,0900,1100,77.3,97,Above
-1.0,-1.0,0900,1100,30.0,35,Below
-1.0,-1.0,0900,1200,50.3,19,Above
-1.0,-1.0,0900,1200,18.7,33,Below
-1.0,-1.0,0900,1300,20.8,37,Above
-1.0,-1.0,0900,1300,11.7,93,Below
-1.0,-1.0,0900,1400,92.5,42,Above
-1.0,-1.0,0900,1400,33.9,33,Below
-1.0,-1.0,0900,1500,62.6,97,Above
-1.0,-1.0,0900,1500,61.7,84,Below
-1.0,-1.0,0900,1600,33.5,42,Above
-1.0,-1.0,0900,1600,19.2,65,Below
-1.0,-1.0,1000,OPEN,95.5,87,Above
-1.0,-1.0,1000,OPEN,47.3,87,Below
-1.0,-1.0,1000,0900,14.1,95,Above
-1.0,-1.0,1000,0900,56.3,86,Below
-1.0,-1.0,1000,1000,12.7,85,Above
-1.0,-1.0,1000,1000,91.3,82,Below
-1.0,-1.0,1000,1100,50.3,53,Above
-1.0,-1.0,1000,1100,82.7,46,Below
-1.0,-1.0,1000,1200,58.5,55,Above
-1.0,-1.0,1000,1200,93.5,92,Below
-1.0,-1.0,1000,1300,67.4,20,Above
-1.0,-1.0,1000,1300,89.5,91,Below
-1.0,-1.0,1000,1400,68.3,34,Above
-1.0,-1.0,1000,1400,41.4,30,Below
-1.0,-1.0,1000,1500,42.1,75,Above
-1.0,-1.0,1000,1500,48.5,34,Below
-1.0,-1.0,1000,1600,69.7,12,Above
-1.0,-1.0,1000,1600,20.3,20,Below
-1.0,-1.0,1100,OPEN,42.0,92,Above
-1.0,-1.0,1100,OPEN,44.2,76,Below
-1.0,-1.0,1100,0900,91.3,58,Above
-1.0,-1.0,1100,0900,37.1,15,Below
-1.0,-1.0,1100,1000,65.5,30,Above
-1.0,-1.0,1100,1000,62.1,32,Below
-1.0,-1.0,1100,1100,89.7,63,Above
-1.0,-1.0,1100,1100,66.1,65,Below
-1.0,-1.0,1100,1200,93.6,99,Above
-1.0,-1.0,1100,1200,59.6,93,Below
-1.0,-1.0,1100,1300,22.3,24,Above
-1.0,-1.0,1100,1300,27.3,53,Below
-1.0,-1.0,1100,1400,30.7,66,Above
-1.0,-1.0,1100,1400,77.8,34,Below
-1.0,-1.0,1100,1500,14.4,76,Above
-1.0,-1.0,1100,1500,21.2,79,Below
-1.0,-1.0,1100,1600,45.7,31,Above
-1.0,-1.0,1100,1600,55.9,59,Below
-1.0,-1.0,1200,OPEN,36.0,87,Above
-1.0,-1.0,1200,OPEN,59.8,55,Below
-1.0,-1.0,1200,0900,35.0,38,Above
-1.0,-1.0,1200,0900,35.1,77,Below
-1.0,-1.0,1200,1000,61.3,88,Above
-1.0,-1.0,1200,1000,60.5,39,Below
-1.0,-1.0,1200,1100,83.2,45,Above
-1.0,-1.0,1200,1100,31.0,43,Below
-1.0,-1.0,1200,1200,65.2,93,Above
-1.0,-1.0,1200,1200,87.7,42,Below
-1.0,-1.0,1200,1300,48.5,65,Above
-1.0,-1.0,1200,1300,22.3,38,Below
-1.0,-1.0,1200,1400,23.8,18,Above
-1.0,-1.0,1200,1400,14.0,42,Below
-1.0,-1.0,1200,1500,80.4,87,Above
-1.0,-1.0,1200,1500,74.2,51,Below
-1.0,-1.0,1200,1600,68.9,93,Above
-1.0,-1.0,1200,1600,16.5,30,Below
-1.0,-0.5,OPEN,OPEN,61.1,40,Above
-1.0,-0.5,OPEN,OPEN,16.7,29,Below
-1.0,-0.5,OPEN,0900,24.5,96,Above
-1.0,-0.5,OPEN,0900,43.4,63,Below
-1.0,-0.5,OPEN,1000,86.2,70,Above
-1.0,-0.5,OPEN,1000,36.9,42,Below
-1.0,-0.5,OPEN,1100,84.6,34,Above
-1.0,-0.5,OPEN,1100,78.3,48,Below
-1.0,-0.5,OPEN,1200,13.6,15,Above
-1.0,-0.5,OPEN,1200,64.6,97,Below
-1.0,-0.5,OPEN,1300,38.6,84,Above
-1.0,-0.5,OPEN,1300,19.8,40,Below
-1.0,-0.5,OPEN,1400,55.8,74,Above
-1.0,-0.5,OPEN,1400,77.1,88,Below
-1.0,-0.5,OPEN,1500,51.6,45,Above
-1.0,-0.5,OPEN,1500,16.0,32,Below
-1.0,-0.5,OPEN,1600,29.1,84,Above
-1.0,-0.5,OPEN,1600,28.9,35,Below
-1.0,-0.5,0900,OPEN,24.6,58,Above
-1.0,-0.5,0900,OPEN,33.4,54,Below
-1.0,-0.5,0900,0900,22.9,10,Above
-1.0,-0.5,0900,0900,67.6,26,Below
-1.0,-0.5,0900,1000,85.6,61,Above
-1.0,-0.5,0900,1000,15.9,78,Below
-1.0,-0.5,0900,1100,79.5,73,Above
-1.0,-0.5,0900,1100,24.9,13,Below
-1.0,-0.5,0900,1200,48.4,90,Above
-1.0,-0.5,0900,1200,65.5,89,Below
-1.0,-0.5,0900,1300,45.8,24,Above
-1.0,-0.5,0900,1300,60.1,35,Below
-1.0,-0.5,0900,1400,10.7,68,Above
-1.0,-0.5,0900,1400,36.5,39,Below
-1.0,-0.5,0900,1500,12.2,32,Above
-1.0,-0.5,0900,1500,93.4,86,Below
-1.0,-0.5,0900,1600,43.2,69,Above
-1.0,-0.5,0900,1600,96.7,81,Below
-1.0,-0.5,1000,OPEN,41.9,53,Above
-1.0,-0.5,1000,OPEN,72.4,48,Below
-1.0,-0.5,1000,0900,11.9,79,Above
-1.0,-0.5,1000,0900,84.4,53,Below
-1.0,-0.5,1000,1000,52.5,79,Above
-1.0,-0.5,1000,1000,39.9,99,Below
-1.0,-0.5,1000,1100,89.7,11,Above
-1.0,-0.5,1000,1100,41.0,36,Below
-1.0,-0.5,1000,1200,90.7,74,Above
-1.0,-0.5,1000,1200,12.1,62,Below
-1.0,-0.5,1000,1300,51.4,22,Above
-1.0,-0.5,1000,1300,41.2,93,Below
-1.0,-0.5,1000,1400,35.7,71,Above
-1.0,-0.5,1000,1400,95.5,46,Below
-1.0,-0.5,1000,1500,11.4,76,Above
-1.0,-0.5,1000,1500,29.7,63,Below
-1.0,-0.5,1000,1600,31.2,67,Above
-1.0,-0.5,1000,1600,62.0,86,Below
-1.0,-0.5,1100,OPEN,65.1,21,Above
-1.0,-0.5,1100,OPEN,11.4,26,Below
-1.0,-0.5,1100,0900,45.9,94,Above
-1.0,-0.5,1100,0900,88.1,51,Below
-1.0,-0.5,1100,1000,43.9,95,Above
-1.0,-0.5,1100,1000,17.4,56,Below
-1.0,-0.5,1100,1100,28.9,82,Above
-1.0,-0.5,1100,1100,66.5,23,Below
-1.0,-0.5,1100,1200,62.8,46,Above
-1.0,-0.5,1100,1200,16.7,28,Below
-1.0,-0.5,1100,1300,78.0,73,Above
-1.0,-0.5,1100,1300,91.0,99,Below
-1.0,-0.5,1100,1400,33.8,12,Above
-1.0,-0.5,1100,1400,44.4,88,Below
-1.0,-0.5,1100,1500,12.1,52,Above
-1.0,-0.5,1100,1500,38.6,31,Below
-1.0,-0.5,1100,1600,60.5,26,Above
-1.0,-0.5,1100,1600,97.6,21,Below
-1.0,-0.5,1200,OPEN,10.9,24,Above
-1.0,-0.5,1200,OPEN,12.9,85,Below
-1.0,-0.5,1200,0900,91.3,42,Above
-1.0,-0.5,1200,0900,34.3,59,Below
-1.0,-0.5,1200,1000,36.9,10,Above
-1.0,-0.5,1200,1000,57.5,80,Below
-1.0,-0.5,1200,1100,26.7,37,Above
-1.0,-0.5,1200,1100,76.0,62,Below
-1.0,-0.5,1200,1200,49.9,60,Above
-1.0,-0.5,1200,1200,51.9,95,Below
-1.0,-0.5,1200,1300,67.3,39,Above
-1.0,-0.5,1200,1300,44.0,24,Below
-1.0,-0.5,1200,1400,14.0,18,Above
-1.0,-0.5,1200,1400,83.1,40,Below
-1.0,-0.5,1200,1500,16.6,74,Above
-1.0,-0.5,1200,1500,26.9,27,Below
-1.0,-0.5,1200,1600,52.0,20,Above
-1.0,-0.5,1200,1600,52.8,85,Below
-1.0,0.0,OPEN,OPEN,63.3,15,Above
-1.0,0.0,OPEN,OPEN,22.5,96,Below
-1.0,0.0,OPEN,0900,91.9,66,Above
-1.0,0.0,OPEN,0900,29.7,91,Below
-1.0,0.0,OPEN,1000,55.0,58,Above
-1.0,0.0,OPEN,1000,10.8,22,Below
-1.0,0.0,OPEN,1100,32.3,26,Above
-1.0,0.0,OPEN,1100,15.0,37,Below
-1.0,0.0,OPEN,1200,64.5,13,Above
-1.0,0.0,OPEN,1200,19.2,12,Below
-1.0,0.0,OPEN,1300,81.1,71,Above
-1.0,0.0,OPEN,1300,28.0,84,Below
-1.0,0.0,OPEN,1400,24.1,40,Above
-1.0,0.0,OPEN,1400,23.0,26,Below
-1.0,0.0,OPEN,1500,23.0,70,Above
-1.0,0.0,OPEN,1500,56.7,41,Below
-1.0,0.0,OPEN,1600,74.4,54,Above
-1.0,0.0,OPEN,1600,39.2,89,Below
-1.0,0.0,0900,OPEN,17.3,87,Above
-1.0,0.0,0900,OPEN,58.5,49,Below
-1.0,0.0,0900,0900,66.2,44,Above
-1.0,0.0,0900,0900,84.4,88,Below
-1.0,0.0,0900,1000,38.9,48,Above
-1.0,0.0,0900,1000,68.6,91,Below
-1.0,0.0,0900,1100,64.9,18,Above
-1.0,0.0,0900,1100,97.3,15,Below
-1.0,0.0,0900,1200,33.4,47,Above
-1.0,0.0,0900,1200,30.4,43,Below
-1.0,0.0,0900,1300,41.1,87,Above
-1.0,0.0,0900,1300,56.1,56,Below
-1.0,0.0,0900,1400,80.4,13,Above
-1.0,0.0,0900,1400,50.1,73,Below
-1.0,0.0,0900,1500,42.4,38,Above
-1.0,0.0,0900,1500,58.7,47,Below
-1.0,0.0,0900,1600,96.9,88,Above
-1.0,0.0,0900,1600,99.5,62,Below
-1.0,0.0,1000,OPEN,57.4,56,Above
-1.0,0.0,1000,OPEN,51.2,28,Below
-1.0,0.0,1000,0900,58.1,49,Above
-1.0,0.0,1000,0900,92.6,39,Below
-1.0,0.0,1000,1000,43.0,37,Above
-1.0,0.0,1000,1000,72.3,22,Below
-1.0,0.0,1000,1100,53.9,17,Above
-1.0,0.0,1000,1100,60.0,66,Below
-1.0,0.0,1000,1200,99.1,86,Above
-1.0,0.0,1000,1200,34.8,61,Below
-1.0,0.0,1000,1300,33.6,32,Above
-1.0,0.0,1000,1300,92.9,32,Below
-1.0,0.0,1000,1400,55.8,32,Above
-1.0,0.0,1000,1400,81.9,39,Below
-1.0,0.0,1000,1500,12.5,41,Above
-1.0,0.0,1000,1500,85.9,93,Below
-1.0,0.0,1000,1600,55.3,55,Above
-1.0,0.0,1000,1600,56.0,96,Below
-1.0,0.0,1100,OPEN,29.8,58,Above
-1.0,0.0,1100,OPEN,82.4,37,Below
-1.0,0.0,1100,0900,60.8,29,Above
-1.0,0.0,1100,0900,51.9,98,Below
-1.0,0.0,1100,1000,17.5,21,Above
-1.0,0.0,1100,1000,34.0,25,Below
-1.0,0.0,1100,1100,48.6,96,Above
-1.0,0.0,1100,1100,83.4,73,Below
-1.0,0.0,1100,1200,82.3,92,Above
-1.0,0.0,1100,1200,76.2,26,Below
-1.0,0.0,1100,1300,86.1,98,Above
-1.0,0.0,1100,1300,83.6,92,Below
-1.0,0.0,1100,1400,22.9,24,Above
-1.0,0.0,1100,1400,11.6,42,Below
-1.0,0.0,1100,1500,62.6,98,Above
-1.0,0.0,1100,1500,20.2,44,Below
-1.0,0.0,1100,1600,96.3,78,Above
-1.0,0.0,1100,1600,45.5,28,Below
-1.0,0.0,1200,OPEN,50.7,21,Above
-1.0,0.0,1200,OPEN,62.7,86,Below
-1.0,0.0,1200,0900,52.7,74,Above
-1.0,0.0,1200,0900,99.2,17,Below
-1.0,0.0,1200,1000,91.4,43,Above
-1.0,0.0,1200,1000,68.8,44,Below
-1.0,0.0,1200,1100,21.3,71,Above
-1.0,0.0,1200,1100,71.9,60,Below
-1.0,0.0,1200,1200,58.5,31,Above
-1.0,0.0,1200,1200,79.9,81,Below
-1.0,0.0,1200,1300,56.0,35,Above
-1.0,0.0,1200,1300,23.1,11,Below
-1.0,0.0,1200,1400,26.9,48,Above
-1.0,0.0,1200,1400,72.6,48,Below
-1.0,0.0,1200,1500,99.1,11,Above
-1.0,0.0,1200,1500,77.1,48,Below
-1.0,0.0,1200,1600,61.6,41,Above
-1.0,0.0,1200,1600,20.8,77,Below
-1.0,0.5,OPEN,OPEN,88.7,42,Above
-1.0,0.5,OPEN,OPEN,33.8,10,Below
-1.0,0.5,OPEN,0900,62.7,82,Above
-1.0,0.5,OPEN,0900,98.4,34,Below
-1.0,0.5,OPEN,1000,82.0,51,Above
-1.0,0.5,OPEN,1000,92.0,37,Below
-1.0,0.5,OPEN,1100,49.0,72,Above
-1.0,0.5,OPEN,1100,30.6,42,Below
-1.0,0.5,OPEN,1200,37.5,98,Above
-1.0,0.5,OPEN,1200,90.2,52,Below
-1.0,0.5,OPEN,1300,23.0,42,Above
-1.0,0.5,OPEN,1300,39.3,16,Below
-1.0,0.5,OPEN,1400,60.3,41,Above
-1.0,0.5,OPEN,1400,34.0,23,Below
-1.0,0.5,OPEN,1500,66.5,38,Above
-1.0,0.5,OPEN,1500,40.0,76,Below
-1.0,0.5,OPEN,1600,61.9,93,Above
-1.0,0.5,OPEN,1600,83.8,92,Below
-1.0,0.5,0900,OPEN,92.5,44,Above
-1.0,0.5,0900,OPEN,24.6,59,Below
-1.0,0.5,0900,0900,15.4,93,Above
-1.0,0.5,0900,0900,94.3,50,Below
-1.0,0.5,0900,1000,92.8,60,Above
-1.0,0.5,0900,1000,17.9,14,Below
-1.0,0.5,0900,1100,42.1,10,Above
-1.0,0.5,0900,1100,25.7,84,Below
-1.0,0.5,0900,1200,47.2,43,Above
-1.0,0.5,0900,1200,25.0,47,Below
-1.0,0.5,0900,1300,73.2,43,Above
-1.0,0.5,0900,1300,89.1,81,Below
-1.0,0.5,0900,1400,41.4,33,Above
-1.0,0.5,0900,1400,34.8,49,Below
-1.0,0.5,0900,1500,69.8,48,Above
-1.0,0.5,0900,1500,80.1,38,Below
-1.0,0.5,0900,1600,25.7,20,Above
-1.0,0.5,0900,1600,93.5,26,Below
-1.0,0.5,1000,OPEN,83.5,88,Above
-1.0,0.5,1000,OPEN,97.8,63,Below
-1.0,0.5,1000,0900,78.8,79,Above
-1.0,0.5,1000,0900,18.4,56,Below
-1.0,0.5,1000,1000,50.7,82,Above
-1.0,0.5,1000,1000,38.8,42,Below
-1.0,0.5,1000,1100,25.1,17,Above
-1.0,0.5,1000,1100,47.4,24,Below
-1.0,0.5,1000,1200,84.2,71,Above
-1.0,0.5,1000,1200,66.2,22,Below
-1.0,0.5,1000,1300,52.9,36,Above
-1.0,0.5,1000,1300,41.8,22,Below
-1.0,0.5,1000,1400,52.2,35,Above
-1.0,0.5,1000,1400,65.2,51,Below
-1.0,0.5,1000,1500,20.1,65,Above
-1.0,0.5,1000,1500,38.8,50,Below
-1.0,0.5,1000,1600,29.8,59,Above
-1.0,0.5,1000,1600,67.2,30,Below
-1.0,0.5,1100,OPEN,32.8,75,Above
-1.0,0.5,1100,OPEN,21.2,62,Below
-1.0,0.5,1100,0900,11.6,74,Above
-1.0,0.5,1100,0900,88.4,57,Below
-1.0,0.5,1100,1000,21.7,11,Above
-1.0,0.5,1100,1000,87.7,22,Below
-1.0,0.5,1100,1100,50.6,87,Above
-1.0,0.5,1100,1100,70.5,93,Below
-1.0,0.5,1100,1200,62.0,25,Above
-1.0,0.5,1100,1200,82.7,46,Below
-1.0,0.5,1100,1300,40.2,11,Above
-1.0,0.5,1100,1300,68.4,17,Below
-1.0,0.5,1100,1400,62.1,60,Above
-1.0,0.5,1100,1400,48.0,53,Below
-1.0,0.5,1100,1500,70.5,11,Above
-1.0,0.5,1100,1500,32.3,61,Below
-1.0,0.5,1100,1600,27.6,59,Above
-1.0,0.5,1100,1600,32.5,81,Below
-1.0,0.5,1200,OPEN,33.6,28,Above
-1.0,0.5,1200,OPEN,82.7,19,Below
-1.0,0.5,1200,0900,29.2,73,Above
-1.0,0.5,1200,0900,37.8,69,Below
-1.0,0.5,1200,1000,77.0,74,Above
-1.0,0.5,1200,1000,26.4,11,Below
-1.0,0.5,1200,1100,27.9,78,Above
-1.0,0.5,1200,1100,43.9,93,Below
-1.0,0.5,1200,1200,26.6,66,Above
-1.0,0.5,1200,1200,70.7,65,Below
-1.0,0.5,1200,1300,72.1,56,Above
-1.0,0.5,1200,1300,30.9,18,Below
-1.0,0.5,1200,1400,64.2,33,Above
-1.0,0.5,1200,1400,74.0,92,Below
-1.0,0.5,1200,1500,16.3,52,Above
-1.0,0.5,1200,1500,53.6,61,Below
-1.0,0.5,1200,1600,93.1,52,Above
-1.0,0.5,1200,1600,12.5,33,Below
-1.0,1.0,OPEN,OPEN,21.4,62,Above
-1.0,1.0,OPEN,OPEN,24.4,24,Below
-1.0,1.0,OPEN,0900,94.1,71,Above
-1.0,1.0,OPEN,0900,46.4,82,Below
-1.0,1.0,OPEN,1000,39.6,12,Above
-1.0,1.0,OPEN,1000,27.0,82,Below
-1.0,1.0,OPEN,1100,50.4,97,Above
-1.0,1.0,OPEN,1100,89.3,58,Below
-1.0,1.0,OPEN,1200,77.4,49,Above
-1.0,1.0,OPEN,1200,37.6,53,Below
-1.0,1.0,OPEN,1300,36.6,84,Above
-1.0,1.0,OPEN,1300,42.4,85,Below
-1.0,1.0,OPEN,1400,93.3,84,Above
-1.0,1.0,OPEN,1400,15.1,36,Below
-1.0,1.0,OPEN,1500,77.4,21,Above
-1.0,1.0,OPEN,1500,45.6,11,Below
-1.0,1.0,OPEN,1600,28.0,66,Above
-1.0,1.0,OPEN,1600,90.3,48,Below
-1.0,1.0,0900,OPEN,57.8,86,Above
-1.0,1.0,0900,OPEN,61.9,89,Below
-1.0,1.0,0900,0900,28.6,41,Above
-1.0,1.0,0900,0900,86.3,76,Below
-1.0,1.0,0900,1000,64.6,85,Above
-1.0,1.0,0900,1000,19.7,74,Below
-1.0,1.0,0900,1100,64.0,83,Above
-1.0,1.0,0900,1100,98.7,25,Below
-1.0,1.0,0900,1200,98.3,79,Above
-1.0,1.0,0900,1200,14.0,38,Below
-1.0,1.0,0900,1300,16.2,27,Above
-1.0,1.0,0900,1300,57.5,89,Below
-1.0,1.0,0900,1400,44.8,39,Above
-1.0,1.0,0900,1400,59.6,56,Below
-1.0,1.0,0900,1500,59.3,96,Above
-1.0,1.0,0900,1500,83.4,17,Below
-1.0,1.0,0900,1600,87.6,38,Above
-1.0,1.0,0900,1600,93.5,53,Below
-1.0,1.0,1000,OPEN,60.3,15,Above
-1.0,1.0,1000,OPEN,78.3,73,Below
-1.0,1.0,1000,0900,77.0,44,Above
-1.0,1.0,1000,0900,35.0,87,Below
-1.0,1.0,1000,1000,18.2,64,Above
-1.0,1.0,1000,1000,87.2,21,Below
-1.0,1.0,1000,1100,84.8,99,Above
-1.0,1.0,1000,1100,73.6,61,Below
-1.0,1.0,1000,1200,43.7,99,Above
-1.0,1.0,1000,1200,73.1,98,Below
-1.0,1.0,1000,1300,15.6,74,Above
-1.0,1.0,1000,1300,79.7,68,Below
-1.0,1.0,1000,1400,31.5,61,Above
-1.0,1.0,1000,1400,18.5,41,Below
-1.0,1.0,1000,1500,91.9,16,Above
-1.0,1.0,1000,1500,27.3,28,Below
-1.0,1.0,1000,1600,22.5,84,Above
-1.0,1.0,1000,1600,66.7,95,Below
-1.0,1.0,1100,OPEN,39.2,16,Above
-1.0,1.0,1100,OPEN,51.8,97,Below
-1.0,1.0,1100,0900,63.4,63,Above
-1.0,1.0,1100,0900,41.1,31,Below
-1.0,1.0,1100,1000,29.9,24,Above
-1.0,1.0,1100,1000,91.4,95,Below
-1.0,1.0,1100,1100,73.6,76,Above
-1.0,1.0,1100,1100,50.3,26,Below
-1.0,1.0,1100,1200,51.7,52,Above
-1.0,1.0,1100,1200,69.1,38,Below
-1.0,1.0,1100,1300,21.3,44,Above
-1.0,1.0,1100,1300,91.8,92,Below
-1.0,1.0,1100,1400,98.8,74,Above
-1.0,1.0,1100,1400,54.8,48,Below
-1.0,1.0,1100,1500,53.4,66,Above
-1.0,1.0,1100,1500,61.6,86,Below
-1.0,1.0,1100,1600,92.6,35,Above
-1.0,1.0,1100,1600,27.5,79,Below
-1.0,1.0,1200,OPEN,76.2,72,Above
-1.0,1.0,1200,OPEN,73.1,42,Below
-1.0,1.0,1200,0900,95.4,70,Above
-1.0,1.0,1200,0900,73.3,82,Below
-1.0,1.0,1200,1000,10.7,78,Above
-1.0,1.0,1200,1000,17.0,19,Below
-1.0,1.0,1200,1100,87.4,73,Above
-1.0,1.0,1200,1100,84.0,65,Below
-1.0,1.0,1200,1200,48.6,55,Above
-1.0,1.0,1200,1200,33.0,61,Below
-1.0,1.0,1200,1300,53.0,85,Above
-1.0,1.0,1200,1300,85.3,86,Below
-1.0,1.0,1200,1400,90.6,48,Above
-1.0,1.0,1200,1400,32.0,84,Below
-1.0,1.0,1200,1500,71.5,67,Above
-1.0,1.0,1200,1500,55.5,74,Below
-1.0,1.0,1200,1600,90.4,51,Above
-1.0,1.0,1200,1600,29.6,67,Below
-0.5,-1.0,OPEN,OPEN,23.0,62,Above
-0.5,-1.0,OPEN,OPEN,23.8,80,Below
-0.5,-1.0,OPEN,0900,81.5,37,Above
-0.5,-1.0,OPEN,0900,91.4,60,Below
-0.5,-1.0,OPEN,1000,80.0,36,Above
-0.5,-1.0,OPEN,1000,68.3,87,Below
-0.5,-1.0,OPEN,1100,22.9,70,Above
-0.5,-1.0,OPEN,1100,25.5,69,Below
-0.5,-1.0,OPEN,1200,31.7,72,Above
-0.5,-1.0,OPEN,1200,57.3,48,Below
-0.5,-1.0,OPEN,1300,38.8,79,Above
-0.5,-1.0,OPEN,1300,47.4,76,Below
-0.5,-1.0,OPEN,1400,43.8,46,Above
-0.5,-1.0,OPEN,1400,33.6,87,Below
-0.5,-1.0,OPEN,1500,32.7,36,Above
-0.5,-1.0,OPEN,1500,49.0,18,Below
-0.5,-1.0,OPEN,1600,65.2,78,Above
-0.5,-1.0,OPEN,1600,15.6,95,Below
-0.5,-1.0,0900,OPEN,63.3,84,Above
-0.5,-1.0,0900,OPEN,53.9,23,Below
-0.5,-1.0,0900,0900,83.0,52,Above
-0.5,-1.0,0900,0900,62.7,34,Below
-0.5,-1.0,0900,1000,59.9,78,Above
-0.5,-1.0,0900,1000,93.0,23,Below
-0.5,-1.0,0900,1100,64.8,77,Above
-0.5,-1.0,0900,1100,45.1,14,Below
-0.5,-1.0,0900,1200,11.2,92,Above
-0.5,-1.0,0900,1200,94.5,56,Below
-0.5,-1.0,0900,1300,58.7,16,Above
-0.5,-1.0,0900,1300,25.7,30,Below
-0.5,-1.0,0900,1400,79.5,81,Above
-0.5,-1.0,0900,1400,25.4,74,Below
-0.5,-1.0,0900,1500,72.0,19,Above
-0.5,-1.0,0900,1500,13.0,77,Below
-0.5,-1.0,0900,1600,30.5,43,Above
-0.5,-1.0,0900,1600,43.5,18,Below
-0.5,-1.0,1000,OPEN,67.4,43,Above
-0.5,-1.0,1000,OPEN,66.8,71,Below
-0.5,-1.0,1000,0900,65.2,69,Above
-0.5,-1.0,1000,0900,24.9,61,Below
-0.5,-1.0,1000,1000,23.5,81,Above
-0.5,-1.0,1000,1000,22.3,19,Below
-0.5,-1.0,1000,1100,98.4,56,Above
-0.5,-1.0,1000,1100,48.6,31,Below
-0.5,-1.0,1000,1200,72.4,29,Above
-0.5,-1.0,1000,1200,40.8,37,Below
-0.5,-1.0,1000,1300,86.2,31,Above
-0.5,-1.0,1000,1300,48.4,28,Below
-0.5,-1.0,1000,1400,10.7,45,Above
-0.5,-1.0,1000,1400,55.9,32,Below
-0.5,-1.0,1000,1500,87.4,20,Above
-0.5,-1.0,1000,1500,83.2,41,Below
-0.5,-1.0,1000,1600,21.2,17,Above
-0.5,-1.0,1000,1600,11.0,71,Below
-0.5,-1.0,1100,OPEN,95.3,44,Above
-0.5,-1.0,1100,OPEN,10.1,13,Below
-0.5,-1.0,1100,0900,67.5,78,Above
-0.5,-1.0,1100,0900,52.2,34,Below
-0.5,-1.0,1100,1000,68.6,36,Above
-0.5,-1.0,1100,1000,77.6,57,Below
-0.5,-1.0,1100,1100,93.2,45,Above
-0.5,-1.0,1100,1100,53.9,97,Below
-0.5,-1.0,1100,1200,14.8,88,Above
-0.5,-1.0,1100,1200,95.4,34,Below
-0.5,-1.0,1100,1300,19.7,62,Above
-0.5,-1.0,1100,1300,62.6,77,Below
-0.5,-1.0,1100,1400,35.6,30,Above
-0.5,-1.0,1100,1400,69.8,22,Below
-0.5,-1.0,1100,1500,70.2,87,Above
-0.5,-1.0,1100,1500,10.3,34,Below
-0.5,-1.0,1100,1600,40.6,57,Above
-0.5,-1.0,1100,1600,57.3,50,Below
-0.5,-1.0,1200,OPEN,17.9,89,Above
-0.5,-1.0,1200,OPEN,30.6,41,Below
-0.5,-1.0,1200,0900,97.5,43,Above
-0.5,-1.0,1200,0900,64.0,30,Below
-0.5,-1.0,1200,1000,76.4,77,Above
-0.5,-1.0,1200,1000,92.9,13,Below
-0.5,-1.0,1200,1100,41.9,52,Above
-0.5,-1.0,1200,1100,92.0,67,Below
-0.5,-1.0,1200,1200,97.5,87,Above
-0.5,-1.0,1200,1200,60.1,89,Below
-0.5,-1.0,1200,1300,99.6,68,Above
-0.5,-1.0,1200,1300,78.9,83,Below
-0.5,-1.0,1200,1400,12.8,92,Above
-0.5,-1.0,1200,1400,10.2,88,Below
-0.5,-1.0,1200,1500,39.7,37,Above
-0.5,-1.0,1200,1500,88.7,79,Below
-0.5,-1.0,1200,1600,84.3,56,Above
-0.5,-1.0,1200,1600,80.0,87,Below
-0.5,-0.5,OPEN,OPEN,52.8,34,Above
-0.5,-0.5,OPEN,OPEN,23.6,97,Below
-0.5,-0.5,OPEN,0900,76.5,68,Above
-0.5,-0.5,OPEN,0900,75.4,27,Below
-0.5,-0.5,OPEN,1000,40.2,53,Above
-0.5,-0.5,OPEN,1000,89.7,12,Below
-0.5,-0.5,OPEN,1100,88.3,93,Above
-0.5,-0.5,OPEN,1100,34.2,62,Below
-0.5,-0.5,OPEN,1200,47.6,72,Above
-0.5,-0.5,OPEN,1200,90.7,89,Below
-0.5,-0.5,OPEN,1300,55.3,56,Above
-0.5,-0.5,OPEN,1300,44.8,79,Below
-0.5,-0.5,OPEN,1400,70.6,97,Above
-0.5,-0.5,OPEN,1400,79.9,25,Below
-0.5,-0.5,OPEN,1500,98.2,66,Above
-0.5,-0.5,OPEN,1500,45.9,94,Below
-0.5,-0.5,OPEN,1600,78.6,28,Above
-0.5,-0.5,OPEN,1600,36.1,75,Below
-0.5,-0.5,0900,OPEN,72.1,97,Above
-0.5,-0.5,0900,OPEN,45.9,61,Below
-0.5,-0.5,0900,0900,69.3,74,Above
-0.5,-0.5,0900,0900,23.7,62,Below
-0.5,-0.5,0900,1000,40.8,74,Above
-0.5,-0.5,0900,1000,68.7,40,Below
-0.5,-0.5,0900,1100,38.9,20,Above
-0.5,-0.5,0900,1100,36.2,88,Below
-0.5,-0.5,0900,1200,85.1,69,Above
-0.5,-0.5,0900,1200,99.8,74,Below
-0.5,-0.5,0900,1300,13.6,86,Above
-0.5,-0.5,0900,1300,76.2,52,Below
-0.5,-0.5,0900,1400,41.4,98,Above
-0.5,-0.5,0900,1400,40.8,59,Below
-0.5,-0.5,0900,1500,52.7,27,Above
-0.5,-0.5,0900,1500,50.2,74,Below
-0.5,-0.5,0900,1600,33.7,14,Above
-0.5,-0.5,0900,1600,59.3,78,Below
-0.5,-0.5,1000,OPEN,54.6,94,Above
-0.5,-0.5,1000,OPEN,22.9,69,Below
-0.5,-0.5,1000,0900,14.3,41,Above
-0.5,-0.5,1000,0900,31.3,42,Below
-0.5,-0.5,1000,1000,42.3,15,Above
-0.5,-0.5,1000,1000,57.3,19,Below
-0.5,-0.5,1000,1100,43.5,98,Above
-0.5,-0.5,1000,1100,95.6,21,Below
-0.5,-0.5,1000,1200,41.5,17,Above
-0.5,-0.5,1000,1200,57.5,66,Below
-0.5,-0.5,1000,1300,58.9,62,Above
-0.5,-0.5,1000,1300,97.7,53,Below
-0.5,-0.5,1000,1400,48.4,59,Above
-0.5,-0.5,1000,1400,97.1,20,Below
-0.5,-0.5,1000,1500,39.3,16,Above
-0.5,-0.5,1000,1500,17.3,22,Below
-0.5,-0.5,1000,1600,78.6,13,Above
-0.5,-0.5,1000,1600,60.1,77,Below
-0.5,-0.5,1100,OPEN,13.7,76,Above
-0.5,-0.5,1100,OPEN,40.3,74,Below
-0.5,-0.5,1100,0900,72.4,97,Above
-0.5,-0.5,1100,0900,32.6,10,Below
-0.5,-0.5,1100,1000,24.8,94,Above
-0.5,-0.5,1100,1000,13.6,94,Below
-0.5,-0.5,1100,1100,13.8,86,Above
-0.5,-0.5,1100,1100,40.2,34,Below
-0.5,-0.5,1100,1200,83.4,42,Above
-0.5,-0.5,1100,1200,65.6,64,Below
-0.5,-0.5,1100,1300,65.6,99,Above
-0.5,-0.5,1100,1300,89.4,41,Below
-0.5,-0.5,1100,1400,88.6,24,Above
-0.5,-0.5,1100,1400,86.3,58,Below
-0.5,-0.5,1100,1500,95.7,29,Above
-0.5,-0.5,1100,1500,49.8,51,Below
-0.5,-0.5,1100,1600,15.7,61,Above
-0.5,-0.5,1100,1600,87.7,43,Below
-0.5,-0.5,1200,OPEN,55.9,71,Above
-0.5,-0.5,1200,OPEN,21.3,42,Below
-0.5,-0.5,1200,0900,57.4,67,Above
-0.5,-0.5,1200,0900,53.8,99,Below
-0.5,-0.5,1200,1000,46.2,94,Above
-0.5,-0.5,1200,1000,94.8,50,Below
-0.5,-0.5,1200,1100,41.0,72,Above
-0.5,-0.5,1200,1100,49.1,37,Below
-0.5,-0.5,1200,1200,84.4,52,Above
-0.5,-0.5,1200,1200,71.6,61,Below
-0.5,-0.5,1200,1300,55.5,20,Above
-0.5,-0.5,1200,1300,73.1,89,Below
-0.5,-0.5,1200,1400,75.9,14,Above
-0.5,-0.5,1200,1400,52.4,96,Below
-0.5,-0.5,1200,1500,14.9,63,Above
-0.5,-0.5,1200,1500,80.8,39,Below
-0.5,-0.5,1200,1600,65.7,88,Above
-0.5,-0.5,1200,1600,85.3,52,Below
-0.5,0.0,OPEN,OPEN,36.6,78,Above
-0.5,0.0,OPEN,OPEN,38.1,94,Below
-0.5,0.0,OPEN,0900,15.8,90,Above
-0.5,0.0,OPEN,0900,17.1,82,Below
-0.5,0.0,OPEN,1000,66.2,12,Above
-0.5,0.0,OPEN,1000,53.8,89,Below
-0.5,0.0,OPEN,1100,57.5,76,Above
-0.5,0.0,OPEN,1100,87.0,28,Below
-0.5,0.0,OPEN,1200,47.4,28,Above
-0.5,0.0,OPEN,1200,68.0,59,Below
-0.5,0.0,OPEN,1300,63.6,50,Above
-0.5,0.0,OPEN,1300,90.6,33,Below
-0.5,0.0,OPEN,1400,24.6,61,Above
-0.5,0.0,OPEN,1400,86.3,40,Below
-0.5,0.0,OPEN,1500,96.7,83,Above
-0.5,0.0,OPEN,1500,66.3,90,Below
-0.5,0.0,OPEN,1600,63.9,74,Above
-0.5,0.0,OPEN,1600,59.4,30,Below
-0.5,0.0,0900,OPEN,77.5,33,Above
-0.5,0.0,0900,OPEN,56.3,10,Below
-0.5,0.0,0900,0900,27.3,58,Above
-0.5,0.0,0900,0900,69.5,90,Below
-0.5,0.0,0900,1000,39.5,11,Above
-0.5,0.0,0900,1000,63.0,10,Below
-0.5,0.0,0900,1100,92.2,50,Above
-0.5,0.0,0900,1100,84.0,40,Below
-0.5,0.0,0900,1200,39.5,43,Above
-0.5,0.0,0900,1200,21.1,32,Below
-0.5,0.0,0900,1300,15.0,59,Above
-0.5,0.0,0900,1300,21.4,47,Below
-0.5,0.0,0900,1400,97.3,43,Above
-0.5,0.0,0900,1400,28.0,89,Below
-0.5,0.0,0900,1500,69.1,16,Above
-0.5,0.0,0900,1500,37.3,13,Below
-0.5,0.0,0900,1600,93.8,95,Above
-0.5,0.0,0900,1600,62.4,56,Below
-0.5,0.0,1000,OPEN,59.3,76,Above
-0.5,0.0,1000,OPEN,55.6,67,Below
-0.5,0.0,1000,0900,74.9,30,Above
-0.5,0.0,1000,0900,37.5,35,Below
-0.5,0.0,1000,1000,90.0,73,Above
-0.5,0.0,1000,1000,62.6,27,Below
-0.5,0.0,1000,1100,48.4,64,Above
-0.5,0.0,1000,1100,77.8,33,Below
-0.5,0.0,1000,1200,21.6,31,Above
-0.5,0.0,1000,1200,17.2,33,Below
-0.5,0.0,1000,1300,72.4,87,Above
-0.5,0.0,1000,1300,70.5,62,Below
-0.5,0.0,1000,1400,73.4,18,Above
-0.5,0.0,1000,1400,56.3,94,Below
-0.5,0.0,1000,1500,28.5,49,Above
-0.5,0.0,1000,1500,78.5,35,Below
-0.5,0.0,1000,1600,68.3,37,Above
-0.5,0.0,1000,1600,38.9,28,Below
-0.5,0.0,1100,OPEN,68.3,44,Above
-0.5,0.0,1100,OPEN,78.4,95,Below
-0.5,0.0,1100,0900,12.4,63,Above
-0.5,0.0,1100,0900,20.4,21,Below
-0.5,0.0,1100,1000,85.7,13,Above
-0.5,0.0,1100,1000,83.9,95,Below
-0.5,0.0,1100,1100,72.0,42,Above
-0.5,0.0,1100,1100,17.9,94,Below
-0.5,0.0,1100,1200,37.0,15,Above
-0.5,0.0,1100,1200,40.6,19,Below
-0.5,0.0,1100,1300,75.6,42,Above
-0.5,0.0,1100,1300,39.7,73,Below
-0.5,0.0,1100,1400,26.3,50,Above
-0.5,0.0,1100,1400,87.8,41,Below
-0.5,0.0,1100,1500,49.6,15,Above
-0.5,0.0,1100,1500,28.1,89,Below
-0.5,0.0,1100,1600,93.6,92,Above
-0.5,0.0,1100,1600,37.4,35,Below
-0.5,0.0,1200,OPEN,88.6,92,Above
-0.5,0.0,1200,OPEN,39.7,56,Below
-0.5,0.0,1200,0900,55.4,90,Above
-0.5,0.0,1200,0900,16.8,59,Below
-0.5,0.0,1200,1000,77.6,40,Above
-0.5,0.0,1200,1000,70.0,14,Below
-0.5,0.0,1200,1100,52.7,69,Above
-0.5,0.0,1200,1100,67.2,51,Below
-0.5,0.0,1200,1200,14.8,66,Above
-0.5,0.0,1200,1200,66.5,21,Below
-0.5,0.0,1200,1300,63.1,76,Above
-0.5,0.0,1200,1300,89.1,44,Below
-0.5,0.0,1200,1400,81.9,95,Above
-0.5,0.0,1200,1400,99.3,84,Below
-0.5,0.0,1200,1500,43.3,91,Above
-0.5,0.0,1200,1500,96.1,96,Below
-0.5,0.0,1200,1600,47.3,13,Above
-0.5,0.0,1200,1600,85.4,82,Below
-0.5,0.5,OPEN,OPEN,23.4,18,Above
-0.5,0.5,OPEN,OPEN,19.5,70,Below
-0.5,0.5,OPEN,0900,80.2,93,Above
-0.5,0.5,OPEN,0900,47.8,62,Below
-0.5,0.5,OPEN,1000,19.4,89,Above
-0.5,0.5,OPEN,1000,27.0,34,Below
-0.5,0.5,OPEN,1100,97.1,50,Above
-0.5,0.5,OPEN,1100,97.7,29,Below
-0.5,0.5,OPEN,1200,34.9,73,Above
-0.5,0.5,OPEN,1200,90.0,78,Below
-0.5,0.5,OPEN,1300,14.3,28,Above
-0.5,0.5,OPEN,1300,10.1,88,Below
-0.5,0.5,OPEN,1400,23.1,54,Above
-0.5,0.5,OPEN,1400,73.5,71,Below
-0.5,0.5,OPEN,1500,73.0,63,Above
-0.5,0.5,OPEN,1500,21.0,18,Below
-0.5,0.5,OPEN,1600,54.9,35,Above
-0.5,0.5,OPEN,1600,93.2,18,Below
-0.5,0.5,0900,OPEN,54.4,37,Above
-0.5,0.5,0900,OPEN,10.8,39,Below
-0.5,0.5,0900,0900,44.5,87,Above
-0.5,0.5,0900,0900,28.0,26,Below
-0.5,0.5,0900,1000,27.2,86,Above
-0.5,0.5,0900,1000,26.0,40,Below
-0.5,0.5,0900,1100,77.0,74,Above
-0.5,0.5,0900,1100,31.8,77,Below
-0.5,0.5,0900,1200,66.1,31,Above
-0.5,0.5,0900,1200,82.6,20,Below
-0.5,0.5,0900,1300,16.1,46,Above
-0.5,0.5,0900,1300,98.3,10,Below
-0.5,0.5,0900,1400,73.0,79,Above
-0.5,0.5,0900,1400,48.6,13,Below
-0.5,0.5,0900,1500,19.9,47,Above
-0.5,0.5,0900,1500,32.0,56,Below
-0.5,0.5,0900,1600,60.9,10,Above
-0.5,0.5,0900,1600,65.4,65,Below
-0.5,0.5,1000,OPEN,98.3,88,Above
-0.5,0.5,1000,OPEN,71.1,63,Below
-0.5,0.5,1000,0900,15.2,10,Above
-0.5,0.5,1000,0900,25.7,70,Below
-0.5,0.5,1000,1000,41.9,49,Above
-0.5,0.5,1000,1000,16.9,26,Below
-0.5,0.5,1000,1100,41.3,79,Above
-0.5,0.5,1000,1100,47.4,68,Below
-0.5,0.5,1000,1200,83.5,24,Above
-0.5,0.5,1000,1200,42.5,22,Below
-0.5,0.5,1000,1300,80.9,89,Above
-0.5,0.5,1000,1300,15.8,44,Below
-0.5,0.5,1000,1400,34.8,79,Above
-0.5,0.5,1000,1400,96.3,54,Below
-0.5,0.5,1000,1500,45.4,22,Above
-0.5,0.5,1000,1500,95.7,92,Below
-0.5,0.5,1000,1600,45.4,70,Above
-0.5,0.5,1000,1600,34.1,56,Below
-0.5,0.5,1100,OPEN,22.3,57,Above
-0.5,0.5,1100,OPEN,40.1,83,Below
-0.5,0.5,1100,0900,61.1,55,Above
-0.5,0.5,1100,0900,35.5,97,Below
-0.5,0.5,1100,1000,77.2,16,Above
-0.5,0.5,1100,1000,59.7,11,Below
-0.5,0.5,1100,1100,73.7,58,Above
-0.5,0.5,1100,1100,71.8,18,Below
-0.5,0.5,1100,1200,16.4,10,Above
-0.5,0.5,1100,1200,42.7,14,Below
-0.5,0.5,1100,1300,69.5,11,Above
-0.5,0.5,1100,1300,79.2,50,Below
-0.5,0.5,1100,1400,55.3,80,Above
-0.5,0.5,1100,1400,91.8,48,Below
-0.5,0.5,1100,1500,54.0,39,Above
-0.5,0.5,1100,1500,60.0,13,Below
-0.5,0.5,1100,1600,67.0,26,Above
-0.5,0.5,1100,1600,66.5,52,Below
-0.5,0.5,1200,OPEN,14.3,41,Above
-0.5,0.5,1200,OPEN,65.2,64,Below
-0.5,0.5,1200,0900,71.9,80,Above
-0.5,0.5,1200,0900,66.2,34,Below
-0.5,0.5,1200,1000,12.5,32,Above
-0.5,0.5,1200,1000,10.5,32,Below
-0.5,0.5,1200,1100,33.9,35,Above
-0.5,0.5,1200,1100,74.0,74,Below
-0.5,0.5,1200,1200,59.4,67,Above
-0.5,0.5,1200,1200,47.8,42,Below
-0.5,0.5,1200,1300,93.8,15,Above
-0.5,0.5,1200,1300,78.4,63,Below
-0.5,0.5,1200,1400,92.7,22,Above
-0.5,0.5,1200,1400,92.2,43,Below
-0.5,0.5,1200,1500,90.6,90,Above
-0.5,0.5,1200,1500,99.9,22,Below
-0.5,0.5,1200,1600,35.5,91,Above
-0.5,0.5,1200,1600,16.6,81,Below
-0.5,1.0,OPEN,OPEN,20.5,39,Above
-0.5,1.0,OPEN,OPEN,18.5,17,Below
-0.5,1.0,OPEN,0900,44.6,73,Above
-0.5,1.0,OPEN,0900,53.9,54,Below
-0.5,1.0,OPEN,1000,41.8,85,Above
-0.5,1.0,OPEN,1000,16.0,44,Below
-0.5,1.0,OPEN,1100,81.7,98,Above
-0.5,1.0,OPEN,1100,13.1,34,Below
-0.5,1.0,OPEN,1200,12.6,51,Above
-0.5,1.0,OPEN,1200,87.1,32,Below
-0.5,1.0,OPEN,1300,39.7,92,Above
-0.5,1.0,OPEN,1300,19.0,46,Below
-0.5,1.0,OPEN,1400,97.9,48,Above
-0.5,1.0,OPEN,1400,95.7,41,Below
-0.5,1.0,OPEN,1500,56.6,57,Above
-0.5,1.0,OPEN,1500,39.9,81,Below
-0.5,1.0,OPEN,1600,51.0,60,Above
-0.5,1.0,OPEN,1600,58.9,73,Below
-0.5,1.0,0900,OPEN,40.1,15,Above
-0.5,1.0,0900,OPEN,30.0,19,Below
-0.5,1.0,0900,0900,47.5,21,Above
-0.5,1.0,0900,0900,29.4,86,Below
-0.5,1.0,0900,1000,42.5,71,Above
-0.5,1.0,0900,1000,96.2,32,Below
-0.5,1.0,0900,1100,94.1,57,Above
-0.5,1.0,0900,1100,10.5,90,Below
-0.5,1.0,0900,1200,46.7,11,Above
-0.5,1.0,0900,1200,95.8,62,Below
-0.5,1.0,0900,1300,26.5,74,Above
-0.5,1.0,0900,1300,55.3,88,Below
-0.5,1.0,0900,1400,94.3,86,Above
-0.5,1.0,0900,1400,78.2,59,Below
-0.5,1.0,0900,1500,82.1,31,Above
-0.5,1.0,0900,1500,90.1,81,Below
-0.5,1.0,0900,1600,95.2,34,Above
-0.5,1.0,0900,1600,19.1,26,Below
-0.5,1.0,1000,OPEN,18.6,17,Above
-0.5,1.0,1000,OPEN,64.7,44,Below
-0.5,1.0,1000,0900,93.0,78,Above
-0.5,1.0,1000,0900,89.2,76,Below
-0.5,1.0,1000,1000,42.3,10,Above
-0.5,1.0,1000,1000,41.1,26,Below
-0.5,1.0,1000,1100,52.2,48,Above
-0.5,1.0,1000,1100,17.5,24,Below
-0.5,1.0,1000,1200,27.0,10,Above
-0.5,1.0,1000,1200,72.2,43,Below
-0.5,1.0,1000,1300,47.7,41,Above
-0.5,1.0,1000,1300,54.3,83,Below
-0.5,1.0,1000,1400,28.2,86,Above
-0.5,1.0,1000,1400,87.7,41,Below
-0.5,1.0,1000,1500,80.6,48,Above
-0.5,1.0,1000,1500,34.2,69,Below
-0.5,1.0,1000,1600,10.9,56,Above
-0.5,1.0,1000,1600,17.7,71,Below
-0.5,1.0,1100,OPEN,35.0,12,Above
-0.5,1.0,1100,OPEN,67.9,67,Below
-0.5,1.0,1100,0900,34.3,40,Above
-0.5,1.0,1100,0900,54.4,51,Below
-0.5,1.0,1100,1000,53.7,55,Above
-0.5,1.0,1100,1000,10.5,35,Below
-0.5,1.0,1100,1100,35.8,16,Above
-0.5,1.0,1100,1100,24.5,87,Below
-0.5,1.0,1100,1200,82.4,52,Above
-0.5,1.0,1100,1200,26.7,99,Below
-0.5,1.0,1100,1300,42.1,52,Above
-0.5,1.0,1100,1300,35.5,34,Below
-0.5,1.0,1100,1400,86.9,16,Above
-0.5,1.0,1100,1400,75.8,38,Below
-0.5,1.0,1100,1500,26.7,31,Above
-0.5,1.0,1100,1500,96.8,45,Below
-0.5,1.0,1100,1600,97.9,58,Above
-0.5,1.0,1100,1600,37.8,61,Below
-0.5,1.0,1200,OPEN,66.9,34,Above
-0.5,1.0,1200,OPEN,92.9,50,Below
-0.5,1.0,1200,0900,15.3,38,Above
-0.5,1.0,1200,0900,15.6,33,Below
-0.5,1.0,1200,1000,82.6,94,Above
-0.5,1.0,1200,1000,94.4,15,Below
-0.5,1.0,1200,1100,31.6,78,Above
-0.5,1.0,1200,1100,99.1,66,Below
-0.5,1.0,1200,1200,38.7,38,Above
-0.5,1.0,1200,1200,30.8,64,Below
-0.5,1.0,1200,1300,95.5,91,Above
-0.5,1.0,1200,1300,55.0,93,Below
-0.5,1.0,1200,1400,36.0,58,Above
-0.5,1.0,1200,1400,86.5,67,Below
-0.5,1.0,1200,1500,57.8,88,Above
-0.5,1.0,1200,1500,18.8,67,Below
-0.5,1.0,1200,1600,27.2,35,Above
-0.5,1.0,1200,1600,59.6,47,Below
0.0,-1.0,OPEN,OPEN,16.2,25,Above
0.0,-1.0,OPEN,OPEN,32.0,73,Below
0.0,-1.0,OPEN,0900,10.4,56,Above
0.0,-1.0,OPEN,0900,17.9,76,Below
0.0,-1.0,OPEN,1000,39.7,47,Above
0.0,-1.0,OPEN,1000,20.8,94,Below
0.0,-1.0,OPEN,1100,60.2,10,Above
0.0,-1.0,OPEN,1100,49.6,56,Below
0.0,-1.0,OPEN,1200,40.5,27,Above
0.0,-1.0,OPEN,1200,43.1,45,Below
0.0,-1.0,OPEN,1300,82.5,60,Above
0.0,-1.0,OPEN,1300,78.9,33,Below
0.0,-1.0,OPEN,1400,40.1,42,Above
0.0,-1.0,OPEN,1400,60.2,85,Below
0.0,-1.0,OPEN,1500,72.3,35,Above
0.0,-1.0,OPEN,1500,28.8,15,Below
0.0,-1.0,OPEN,1600,84.6,12,Above
0.0,-1.0,OPEN,1600,24.8,97,Below
0.0,-1.0,0900,OPEN,94.8,55,Above
0.0,-1.0,0900,OPEN,47.8,96,Below
0.0,-1.0,0900,0900,96.0,82,Above
0.0,-1.0,0900,0900,13.0,48,Below
0.0,-1.0,0900,1000,65.7,34,Above
0.0,-1.0,0900,1000,71.2,47,Below
0.0,-1.0,0900,1100,61.1,92,Above
0.0,-1.0,0900,1100,19.7,62,Below
0.0,-1.0,0900,1200,56.2,15,Above
0.0,-1.0,0900,1200,17.9,90,Below
0.0,-1.0,0900,1300,70.5,60,Above
0.0,-1.0,0900,1300,86.5,99,Below
0.0,-1.0,0900,1400,96.5,99,Above
0.0,-1.0,0900,1400,23.7,76,Below
0.0,-1.0,0900,1500,76.9,21,Above
0.0,-1.0,0900,1500,66.7,49,Below
0.0,-1.0,0900,1600,64.5,94,Above
0.0,-1.0,0900,1600,89.1,83,Below
0.0,-1.0,1000,OPEN,97.5,79,Above
0.0,-1.0,1000,OPEN,72.1,99,Below
0.0,-1.0,1000,0900,52.8,26,Above
0.0,-1.0,1000,0900,24.9,92,Below
0.0,-1.0,1000,1000,26.5,78,Above
0.0,-1.0,1000,1000,42.8,93,Below
0.0,-1.0,1000,1100,12.5,84,Above
0.0,-1.0,1000,1100,52.0,22,Below
0.0,-1.0,1000,1200,64.9,34,Above
0.0,-1.0,1000,1200,75.6,44,Below
0.0,-1.0,1000,1300,68.5,50,Above
0.0,-1.0,1000,1300,70.1,85,Below
0.0,-1.0,1000,1400,39.1,85,Above
0.0,-1.0,1000,1400,85.6,65,Below
0.0,-1.0,1000,1500,86.1,78,Above
0.0,-1.0,1000,1500,68.6,46,Below
0.0,-1.0,1000,1600,62.0,89,Above
0.0,-1.0,1000,1600,44.6,11,Below
0.0,-1.0,1100,OPEN,23.9,73,Above
0.0,-1.0,1100,OPEN,83.8,25,Below
0.0,-1.0,1100,0900,59.4,90,Above
0.0,-1.0,1100,0900,31.3,37,Below
0.0,-1.0,1100,1000,79.3,24,Above
0.0,-1.0,1100,1000,81.3,71,Below
0.0,-1.0,1100,1100,20.7,47,Above
0.0,-1.0,1100,1100,65.9,43,Below
0.0,-1.0,1100,1200,95.2,82,Above
0.0,-1.0,1100,1200,68.6,10,Below
0.0,-1.0,1100,1300,68.7,14,Above
0.0,-1.0,1100,1300,73.5,67,Below
0.0,-1.0,1100,1400,18.3,14,Above
0.0,-1.0,1100,1400,57.5,90,Below
0.0,-1.0,1100,1500,63.5,62,Above
0.0,-1.0,1100,1500,39.1,64,Below
0.0,-1.0,1100,1600,32.3,98,Above
0.0,-1.0,1100,1600,99.4,69,Below
0.0,-1.0,1200,OPEN,16.0,77,Above
0.0,-1.0,1200,OPEN,39.7,91,Below
0.0,-1.0,1200,0900,33.2,93,Above
0.0,-1.0,1200,0900,30.9,16,Below
0.0,-1.0,1200,1000,65.7,59,Above
0.0,-1.0,1200,1000,58.7,69,Below
0.0,-1.0,1200,1100,29.3,90,Above
0.0,-1.0,1200,1100,54.4,48,Below
0.0,-1.0,1200,1200,29.1,75,Above
0.0,-1.0,1200,1200,84.3,98,Below
0.0,-1.0,1200,1300,66.8,44,Above
0.0,-1.0,1200,1300,31.6,92,Below
0.0,-1.0,1200,1400,48.2,34,Above
0.0,-1.0,1200,1400,42.7,75,Below
0.0,-1.0,1200,1500,21.6,47,Above
0.0,-1.0,1200,1500,25.5,97,Below
0.0,-1.0,1200,1600,85.9,67,Above
0.0,-1.0,1200,1600,13.5,42,Below
0.0,-0.5,OPEN,OPEN,95.9,65,Above
0.0,-0.5,OPEN,OPEN,97.6,86,Below
0.0,-0.5,OPEN,0900,97.9,72,Above
0.0,-0.5,OPEN,0900,95.4,32,Below
0.0,-0.5,OPEN,1000,93.0,48,Above
0.0,-0.5,OPEN,1000,83.0,53,Below
0.0,-0.5,OPEN,1100,14.1,55,Above
0.0,-0.5,OPEN,1100,33.2,94,Below
0.0,-0.5,OPEN,1200,95.2,68,Above
0.0,-0.5,OPEN,1200,59.8,95,Below
0.0,-0.5,OPEN,1300,75.3,17,Above
0.0,-0.5,OPEN,1300,58.0,93,Below
0.0,-0.5,OPEN,1400,39.4,37,Above
0.0,-0.5,OPEN,1400,77.2,35,Below
0.0,-0.5,OPEN,1500,55.2,46,Above
0.0,-0.5,OPEN,1500,86.8,66,Below
0.0,-0.5,OPEN,1600,58.0,38,Above
0.0,-0.5,OPEN,1600,93.6,12,Below
0.0,-0.5,0900,OPEN,46.0,82,Above
0.0,-0.5,0900,OPEN,44.7,47,Below
0.0,-0.5,0900,0900,93.9,92,Above
0.0,-0.5,0900,0900,88.3,70,Below
0.0,-0.5,0900,1000,29.3,70,Above
0.0,-0.5,0900,1000,99.6,18,Below
0.0,-0.5,0900,1100,82.3,49,Above
0.0,-0.5,0900,1100,27.8,64,Below
0.0,-0.5,0900,1200,92.4,50,Above
0.0,-0.5,0900,1200,96.6,78,Below
0.0,-0.5,0900,1300,87.7,35,Above
0.0,-0.5,0900,1300,48.8,88,Below
0.0,-0.5,0900,1400,49.0,88,Above
0.0,-0.5,0900,1400,47.0,87,Below
0.0,-0.5,0900,1500,75.1,59,Above
0.0,-0.5,0900,1500,76.1,27,Below
0.0,-0.5,0900,1600,75.1,67,Above
0.0,-0.5,0900,1600,44.9,87,Below
0.0,-0.5,1000,OPEN,53.5,36,Above
0.0,-0.5,1000,OPEN,96.8,68,Below
0.0,-0.5,1000,0900,85.9,47,Above
0.0,-0.5,1000,0900,45.7,99,Below
0.0,-0.5,1000,1000,37.1,36,Above
0.0,-0.5,1000,1000,82.6,28,Below
0.0,-0.5,1000,1100,13.8,85,Above
0.0,-0.5,1000,1100,56.5,78,Below
0.0,-0.5,1000,1200,42.1,56,Above
0.0,-0.5,1000,1200,20.0,83,Below
0.0,-0.5,1000,1300,56.4,81,Above
0.0,-0.5,1000,1300,41.8,96,Below
0.0,-0.5,1000,1400,32.6,12,Above
0.0,-0.5,1000,1400,13.9,30,Below
0.0,-0.5,1000,1500,25.2,45,Above
0.0,-0.5,1000,1500,40.1,65,Below
0.0,-0.5,1000,1600,19.9,35,Above
0.0,-0.5,1000,1600,86.3,39,Below
0.0,-0.5,1100,OPEN,92.0,57,Above
0.0,-0.5,1100,OPEN,47.5,81,Below
0.0,-0.5,1100,0900,94.2,33,Above
0.0,-0.5,1100,0900,39.3,66,Below
0.0,-0.5,1100,1000,59.9,70,Above
0.0,-0.5,1100,1000,53.0,72,Below
0.0,-0.5,1100,1100,73.4,32,Above
0.0,-0.5,1100,1100,41.6,27,Below
0.0,-0.5,1100,1200,85.3,24,Above
0.0,-0.5,1100,1200,84.3,35,Below
0.0,-0.5,1100,1300,82.8,70,Above
0.0,-0.5,1100,1300,96.1,78,Below
0.0,-0.5,1100,1400,91.1,34,Above
0.0,-0.5,1100,1400,97.0,73,Below
0.0,-0.5,1100,1500,98.0,36,Above
0.0,-0.5,1100,1500,40.0,10,Below
0.0,-0.5,1100,1600,24.7,84,Above
0.0,-0.5,1100,1600,91.0,29,Below
0.0,-0.5,1200,OPEN,42.3,81,Above
0.0,-0.5,1200,OPEN,31.2,76,Below
0.0,-0.5,1200,0900,37.0,12,Above
0.0,-0.5,1200,0900,75.2,29,Below
0.0,-0.5,1200,1000,42.9,92,Above
0.0,-0.5,1200,1000,31.9,91,Below
0.0,-0.5,1200,1100,20.9,54,Above
0.0,-0.5,1200,1100,42.9,20,Below
0.0,-0.5,1200,1200,69.0,39,Above
0.0,-0.5,1200,1200,19.8,43,Below
0.0,-0.5,1200,1300,68.1,75,Above
0.0,-0.5,1200,1300,31.9,35,Below
0.0,-0.5,1200,1400,71.4,63,Above
0.0,-0.5,1200,1400,30.9,10,Below
0.0,-0.5,1200,1500,53.1,31,Above
0.0,-0.5,1200,1500,60.0,87,Below
0.0,-0.5,1200,1600,62.3,40,Above
0.0,-0.5,1200,1600,74.4,82,Below
0.0,0.0,OPEN,OPEN,31.4,77,Above
0.0,0.0,OPEN,OPEN,83.2,77,Below
0.0,0.0,OPEN,0900,48.9,45,Above
0.0,0.0,OPEN,0900,50.6,41,Below
0.0,0.0,OPEN,1000,70.1,41,Above
0.0,0.0,OPEN,1000,12.1,25,Below
0.0,0.0,OPEN,1100,60.9,49,Above
0.0,0.0,OPEN,1100,35.5,10,Below
0.0,0.0,OPEN,1200,86.1,92,Above
0.0,0.0,OPEN,1200,54.9,36,Below
0.0,0.0,OPEN,1300,23.3,62,Above
0.0,0.0,OPEN,1300,42.9,31,Below
0.0,0.0,OPEN,1400,43.5,72,Above
0.0,0.0,OPEN,1400,38.3,18,Below
0.0,0.0,OPEN,1500,10.3,99,Above
0.0,0.0,OPEN,1500,30.8,68,Below
0.0,0.0,OPEN,1600,17.0,91,Above
0.0,0.0,OPEN,1600,79.0,62,Below
0.0,0.0,0900,OPEN,59.6,61,Above
0.0,0.0,0900,OPEN,70.0,10,Below
0.0,0.0,0900,0900,20.3,32,Above
0.0,0.0,0900,0900,69.3,18,Below
0.0,0.0,0900,1000,54.1,13,Above
0.0,0.0,0900,1000,64.3,24,Below
0.0,0.0,0900,1100,57.4,44,Above
0.0,0.0,0900,1100,52.0,54,Below
0.0,0.0,0900,1200,64.1,88,Above
0.0,0.0,0900,1200,92.0,70,Below
0.0,0.0,0900,1300,71.6,32,Above
0.0,0.0,0900,1300,70.2,51,Below
0.0,0.0,0900,1400,27.4,52,Above
0.0,0.0,0900,1400,78.1,23,Below
0.0,0.0,0900,1500,96.9,85,Above
0.0,0.0,0900,1500,99.9,32,Below
0.0,0.0,0900,1600,27.0,24,Above
0.0,0.0,0900,1600,99.9,11,Below
0.0,0.0,1000,OPEN,63.6,70,Above
0.0,0.0,1000,OPEN,74.3,25,Below
0.0,0.0,1000,0900,61.6,63,Above
0.0,0.0,1000,0900,61.6,45,Below
0.0,0.0,1000,1000,14.7,91,Above
0.0,0.0,1000,1000,62.2,85,Below
0.0,0.0,1000,1100,42.3,32,Above
0.0,0.0,1000,1100,48.3,34,Below
0.0,0.0,1000,1200,38.6,10,Above
0.0,0.0,1000,1200,83.0,45,Below
0.0,0.0,1000,1300,88.3,73,Above
0.0,0.0,1000,1300,25.5,24,Below
0.0,0.0,1000,1400,30.6,72,Above
0.0,0.0,1000,1400,98.4,40,Below
0.0,0.0,1000,1500,56.7,49,Above
0.0,0.0,1000,1500,32.3,64,Below
0.0,0.0,1000,1600,34.2,55,Above
0.0,0.0,1000,1600,90.2,33,Below
0.0,0.0,1100,OPEN,41.5,91,Above
0.0,0.0,1100,OPEN,11.5,24,Below
0.0,0.0,1100,0900,56.0,97,Above
0.0,0.0,1100,0900,51.7,10,Below
0.0,0.0,1100,1000,81.8,52,Above
0.0,0.0,1100,1000,25.9,10,Below
0.0,0.0,1100,1100,70.1,81,Above
0.0,0.0,1100,1100,88.0,63,Below
0.0,0.0,1100,1200,81.9,52,Above
0.0,0.0,1100,1200,68.5,49,Below
0.0,0.0,1100,1300,28.4,82,Above
0.0,0.0,1100,1300,47.7,39,Below
0.0,0.0,1100,1400,62.3,58,Above
0.0,0.0,1100,1400,52.1,10,Below
0.0,0.0,1100,1500,10.4,17,Above
0.0,0.0,1100,1500,83.5,34,Below
0.0,0.0,1100,1600,14.0,85,Above
0.0,0.0,1100,1600,64.6,71,Below
0.0,0.0,1200,OPEN,67.5,37,Above
0.0,0.0,1200,OPEN,71.3,10,Below
0.0,0.0,1200,0900,68.1,26,Above
0.0,0.0,1200,0900,21.7,27,Below
0.0,0.0,1200,1000,23.9,47,Above
0.0,0.0,1200,1000,79.3,91,Below
0.0,0.0,1200,1100,24.7,80,Above
0.0,0.0,1200,1100,23.6,40,Below
0.0,0.0,1200,1200,86.9,58,Above
0.0,0.0,1200,1200,96.5,26,Below
0.0,0.0,1200,1300,35.5,54,Above
0.0,0.0,1200,1300,31.6,58,Below
0.0,0.0,1200,1400,12.4,61,Above
0.0,0.0,1200,1400,87.8,86,Below
0.0,0.0,1200,1500,84.5,76,Above
0.0,0.0,1200,1500,94.1,45,Below
0.0,0.0,1200,1600,50.3,88,Above
0.0,0.0,1200,1600,32.7,48,Below
0.0,0.5,OPEN,OPEN,44.2,91,Above
0.0,0.5,OPEN,OPEN,36.1,13,Below
0.0,0.5,OPEN,0900,36.7,58,Above
0.0,0.5,OPEN,0900,26.6,67,Below
0.0,0.5,OPEN,1000,84.3,73,Above
0.0,0.5,OPEN,1000,79.3,43,Below
0.0,0.5,OPEN,1100,48.2,78,Above
0.0,0.5,OPEN,1100,26.5,79,Below
0.0,0.5,OPEN,1200,75.0,63,Above
0.0,0.5,OPEN,1200,63.9,56,Below
0.0,0.5,OPEN,1300,34.4,27,Above
0.0,0.5,OPEN,1300,71.5,71,Below
0.0,0.5,OPEN,1400,97.3,41,Above
0.0,0.5,OPEN,1400,38.8,40,Below
0.0,0.5,OPEN,1500,71.1,30,Above
0.0,0.5,OPEN,1500,44.7,84,Below
0.0,0.5,OPEN,1600,35.6,83,Above
0.0,0.5,OPEN,1600,51.7,66,Below
0.0,0.5,0900,OPEN,82.1,77,Above
0.0,0.5,0900,OPEN,91.3,92,Below
0.0,0.5,0900,0900,66.5,95,Above
0.0,0.5,0900,0900,25.3,10,Below
0.0,0.5,0900,1000,91.3,31,Above
0.0,0.5,0900,1000,50.1,86,Below
0.0,0.5,0900,1100,76.7,12,Above
0.0,0.5,0900,1100,21.6,87,Below
0.0,0.5,0900,1200,39.0,69,Above
0.0,0.5,0900,1200,93.0,95,Below
0.0,0.5,0900,1300,84.2,60,Above
0.0,0.5,0900,1300,37.7,23,Below
0.0,0.5,0900,1400,89.2,94,Above
0.0,0.5,0900,1400,76.9,99,Below
0.0,0.5,0900,1500,58.6,39,Above
0.0,0.5,0900,1500,89.4,83,Below
0.0,0.5,0900,1600,25.7,59,Above
0.0,0.5,0900,1600,61.5,23,Below
0.0,0.5,1000,OPEN,86.6,69,Above
0.0,0.5,1000,OPEN,90.0,74,Below
0.0,0.5,1000,0900,70.9,67,Above
0.0,0.5,1000,0900,29.6,19,Below
0.0,0.5,1000,1000,22.5,48,Above
0.0,0.5,1000,1000,48.2,52,Below
0.0,0.5,1000,1100,33.6,62,Above
0.0,0.5,1000,1100,19.2,35,Below
0.0,0.5,1000,1200,17.6,61,Above
0.0,0.5,1000,1200,48.2,99,Below
0.0,0.5,1000,1300,37.1,39,Above
0.0,0.5,1000,1300,42.1,86,Below
0.0,0.5,1000,1400,27.1,98,Above
0.0,0.5,1000,1400,67.7,11,Below
0.0,0.5,1000,1500,73.4,20,Above
0.0,0.5,1000,1500,44.4,41,Below
0.0,0.5,1000,1600,57.4,57,Above
0.0,0.5,1000,1600,70.3,50,Below
0.0,0.5,1100,OPEN,26.8,82,Above
0.0,0.5,1100,OPEN,66.5,32,Below
0.0,0.5,1100,0900,22.0,98,Above
0.0,0.5,1100,0900,82.1,38,Below
0.0,0.5,1100,1000,95.1,75,Above
0.0,0.5,1100,1000,38.3,21,Below
0.0,0.5,1100,1100,62.5,97,Above
0.0,0.5,1100,1100,74.7,74,Below
0.0,0.5,1100,1200,97.3,97,Above
0.0,0.5,1100,1200,31.3,96,Below
0.0,0.5,1100,1300,80.3,10,Above
0.0,0.5,1100,1300,37.4,44,Below
0.0,0.5,1100,1400,71.7,76,Above
0.0,0.5,1100,1400,67.0,16,Below
0.0,0.5,1100,1500,31.7,22,Above
0.0,0.5,1100,1500,76.0,10,Below
0.0,0.5,1100,1600,17.0,18,Above
0.0,0.5,1100,1600,82.3,37,Below
0.0,0.5,1200,OPEN,24.5,95,Above
0.0,0.5,1200,OPEN,20.0,57,Below
0.0,0.5,1200,0900,50.6,70,Above
0.0,0.5,1200,0900,88.5,93,Below
0.0,0.5,1200,1000,32.9,79,Above
0.0,0.5,1200,1000,83.6,93,Below
0.0,0.5,1200,1100,30.8,57,Above
0.0,0.5,1200,1100,45.8,21,Below
0.0,0.5,1200,1200,30.3,45,Above
0.0,0.5,1200,1200,17.9,94,Below
0.0,0.5,1200,1300,28.3,22,Above
0.0,0.5,1200,1300,48.1,19,Below
0.0,0.5,1200,1400,70.3,68,Above
0.0,0.5,1200,1400,54.7,31,Below
0.0,0.5,1200,1500,26.3,66,Above
0.0,0.5,1200,1500,48.5,13,Below
0.0,0.5,1200,1600,42.9,60,Above
0.0,0.5,1200,1600,38.8,97,Below
0.0,1.0,OPEN,OPEN,20.6,49,Above
0.0,1.0,OPEN,OPEN,18.2,92,Below
0.0,1.0,OPEN,0900,68.8,40,Above
0.0,1.0,OPEN,0900,74.9,95,Below
0.0,1.0,OPEN,1000,76.1,75,Above
0.0,1.0,OPEN,1000,11.8,66,Below
0.0,1.0,OPEN,1100,26.7,54,Above
0.0,1.0,OPEN,1100,44.0,89,Below
0.0,1.0,OPEN,1200,39.5,96,Above
0.0,1.0,OPEN,1200,27.6,64,Below
0.0,1.0,OPEN,1300,42.1,47,Above
0.0,1.0,OPEN,1300,77.5,44,Below
0.0,1.0,OPEN,1400,31.5,97,Above
0.0,1.0,OPEN,1400,44.9,52,Below
0.0,1.0,OPEN,1500,28.3,54,Above
0.0,1.0,OPEN,1500,61.6,67,Below
0.0,1.0,OPEN,1600,11.7,74,Above
0.0,1.0,OPEN,1600,26.6,59,Below
0.0,1.0,0900,OPEN,23.8,51,Above
0.0,1.0,0900,OPEN,45.4,12,Below
0.0,1.0,0900,0900,96.9,60,Above
0.0,1.0,0900,0900,11.8,51,Below
0.0,1.0,0900,1000,61.5,26,Above
0.0,1.0,0900,1000,54.0,93,Below
0.0,1.0,0900,1100,96.6,41,Above
0.0,1.0,0900,1100,12.7,48,Below
0.0,1.0,0900,1200,57.4,66,Above
0.0,1.0,0900,1200,66.6,74,Below
0.0,1.0,0900,1300,32.4,36,Above
0.0,1.0,0900,1300,75.9,95,Below
0.0,1.0,0900,1400,69.9,63,Above
0.0,1.0,0900,1400,31.5,40,Below
0.0,1.0,0900,1500,86.8,25,Above
0.0,1.0,0900,1500,94.7,57,Below
0.0,1.0,0900,1600,43.7,14,Above
0.0,1.0,0900,1600,83.9,28,Below
0.0,1.0,1000,OPEN,49.6,39,Above
0.0,1.0,1000,OPEN,92.8,33,Below
0.0,1.0,1000,0900,55.5,18,Above
0.0,1.0,1000,0900,15.9,97,Below
0.0,1.0,1000,1000,20.0,47,Above
0.0,1.0,1000,1000,90.6,40,Below
0.0,1.0,1000,1100,50.0,15,Above
0.0,1.0,1000,1100,93.9,84,Below
0.0,1.0,1000,1200,12.7,47,Above
0.0,1.0,1000,1200,10.4,25,Below
0.0,1.0,1000,1300,88.3,74,Above
0.0,1.0,1000,1300,58.9,79,Below
0.0,1.0,1000,1400,48.6,28,Above
0.0,1.0,1000,1400,82.8,78,Below
0.0,1.0,1000,1500,31.8,84,Above
0.0,1.0,1000,1500,37.9,75,Below
0.0,1.0,1000,1600,14.3,60,Above
0.0,1.0,1000,1600,27.4,14,Below
0.0,1.0,1100,OPEN,46.7,88,Above
0.0,1.0,1100,OPEN,89.2,34,Below
0.0,1.0,1100,0900,52.9,65,Above
0.0,1.0,1100,0900,35.4,95,Below
0.0,1.0,1100,1000,36.3,83,Above
0.0,1.0,1100,1000,73.7,59,Below
0.0,1.0,1100,1100,14.7,42,Above
0.0,1.0,1100,1100,96.7,88,Below
0.0,1.0,1100,1200,93.1,88,Above
0.0,1.0,1100,1200,83.7,34,Below
0.0,1.0,1100,1300,62.1,20,Above
0.0,1.0,1100,1300,37.3,56,Below
0.0,1.0,1100,1400,74.1,29,Above
0.0,1.0,1100,1400,56.7,89,Below
0.0,1.0,1100,1500,34.1,22,Above
0.0,1.0,1100,1500,66.3,87,Below
0.0,1.0,1100,1600,85.8,63,Above
0.0,1.0,1100,1600,57.4,88,Below
0.0,1.0,1200,OPEN,10.2,79,Above
0.0,1.0,1200,OPEN,25.7,52,Below
0.0,1.0,1200,0900,86.9,66,Above
0.0,1.0,1200,0900,95.0,47,Below
0.0,1.0,1200,1000,87.3,13,Above
0.0,1.0,1200,1000,91.2,38,Below
0.0,1.0,1200,1100,96.6,11,Above
0.0,1.0,1200,1100,84.7,16,Below
0.0,1.0,1200,1200,66.9,77,Above
0.0,1.0,1200,1200,16.3,79,Below
0.0,1.0,1200,1300,89.0,25,Above
0.0,1.0,1200,1300,97.4,26,Below
0.0,1.0,1200,1400,62.9,25,Above
0.0,1.0,1200,1400,99.8,81,Below
0.0,1.0,1200,1500,55.8,90,Above
0.0,1.0,1200,1500,27.4,73,Below
0.0,1.0,1200,1600,69.7,59,Above
0.0,1.0,1200,1600,60.8,21,Below
0.5,-1.0,OPEN,OPEN,76.8,33,Above
0.5,-1.0,OPEN,OPEN,70.1,22,Below
0.5,-1.0,OPEN,0900,58.8,38,Above
0.5,-1.0,OPEN,0900,32.5,90,Below
0.5,-1.0,OPEN,1000,19.7,16,Above
0.5,-1.0,OPEN,1000,29.3,57,Below
0.5,-1.0,OPEN,1100,86.9,35,Above
0.5,-1.0,OPEN,1100,97.8,85,Below
0.5,-1.0,OPEN,1200,12.4,63,Above
0.5,-1.0,OPEN,1200,14.5,76,Below
0.5,-1.0,OPEN,1300,25.8,62,Above
0.5,-1.0,OPEN,1300,45.9,70,Below
0.5,-1.0,OPEN,1400,69.9,79,Above
0.5,-1.0,OPEN,1400,17.8,42,Below
0.5,-1.0,OPEN,1500,11.4,83,Above
0.5,-1.0,OPEN,1500,24.6,22,Below
0.5,-1.0,OPEN,1600,23.2,67,Above
0.5,-1.0,OPEN,1600,70.0,12,Below
0.5,-1.0,0900,OPEN,38.6,90,Above
0.5,-1.0,0900,OPEN,26.7,81,Below
0.5,-1.0,0900,0900,67.4,36,Above
0.5,-1.0,0900,0900,89.5,68,Below
0.5,-1.0,0900,1000,95.7,92,Above
0.5,-1.0,0900,1000,71.0,23,Below
0.5,-1.0,0900,1100,19.1,35,Above
0.5,-1.0,0900,1100,64.4,98,Below
0.5,-1.0,0900,1200,65.1,31,Above
0.5,-1.0,0900,1200,84.8,98,Below
0.5,-1.0,0900,1300,27.8,78,Above
0.5,-1.0,0900,1300,87.5,45,Below
0.5,-1.0,0900,1400,50.3,44,Above
0.5,-1.0,0900,1400,74.1,97,Below
0.5,-1.0,0900,1500,92.9,86,Above
0.5,-1.0,0900,1500,50.3,65,Below
0.5,-1.0,0900,1600,14.4,51,Above
0.5,-1.0,0900,1600,68.9,37,Below
0.5,-1.0,1000,OPEN,90.4,99,Above
0.5,-1.0,1000,OPEN,65.9,70,Below
0.5,-1.0,1000,0900,25.5,98,Above
0.5,-1.0,1000,0900,53.0,44,Below
0.5,-1.0,1000,1000,76.0,17,Above
0.5,-1.0,1000,1000,18.8,10,Below
0.5,-1.0,1000,1100,48.4,83,Above
0.5,-1.0,1000,1100,80.6,74,Below
0.5,-1.0,1000,1200,11.9,24,Above
0.5,-1.0,1000,1200,26.4,25,Below
0.5,-1.0,1000,1300,66.6,86,Above
0.5,-1.0,1000,1300,50.7,59,Below
0.5,-1.0,1000,1400,48.5,35,Above
0.5,-1.0,1000,1400,67.3,70,Below
0.5,-1.0,1000,1500,26.7,56,Above
0.5,-1.0,1000,1500,51.5,20,Below
0.5,-1.0,1000,1600,82.7,66,Above
0.5,-1.0,1000,1600,10.6,66,Below
0.5,-1.0,1100,OPEN,53.3,96,Above
0.5,-1.0,1100,OPEN,34.2,84,Below
0.5,-1.0,1100,0900,16.8,24,Above
0.5,-1.0,1100,0900,21.9,55,Below
0.5,-1.0,1100,1000,38.7,40,Above
0.5,-1.0,1100,1000,55.2,81,Below
0.5,-1.0,1100,1100,33.4,72,Above
0.5,-1.0,1100,1100,13.9,68,Below
0.5,-1.0,1100,1200,40.3,22,Above
0.5,-1.0,1100,1200,62.3,55,Below
0.5,-1.0,1100,1300,27.5,32,Above
0.5,-1.0,1100,1300,23.5,99,Below
0.5,-1.0,1100,1400,91.8,21,Above
0.5,-1.0,1100,1400,11.4,98,Below
0.5,-1.0,1100,1500,47.0,50,Above
0.5,-1.0,1100,1500,19.8,12,Below
0.5,-1.0,1100,1600,67.4,81,Above
0.5,-1.0,1100,1600,70.7,20,Below
0.5,-1.0,1200,OPEN,24.1,23,Above
0.5,-1.0,1200,OPEN,28.7,37,Below
0.5,-1.0,1200,0900,26.3,46,Above
0.5,-1.0,1200,0900,53.6,16,Below
0.5,-1.0,1200,1000,35.3,81,Above
0.5,-1.0,1200,1000,96.8,62,Below
0.5,-1.0,1200,1100,18.9,84,Above
0.5,-1.0,1200,1100,82.6,34,Below
0.5,-1.0,1200,1200,51.6,36,Above
0.5,-1.0,1200,1200,25.7,16,Below
0.5,-1.0,1200,1300,91.2,41,Above
0.5,-1.0,1200,1300,51.6,90,Below
0.5,-1.0,1200,1400,76.8,61,Above
0.5,-1.0,1200,1400,32.4,92,Below
0.5,-1.0,1200,1500,44.0,12,Above
0.5,-1.0,1200,1500,78.1,85,Below
0.5,-1.0,1200,1600,87.6,89,Above
0.5,-1.0,1200,1600,29.3,86,Below
0.5,-0.5,OPEN,OPEN,59.2,80,Above
0.5,-0.5,OPEN,OPEN,76.6,41,Below
0.5,-0.5,OPEN,0900,74.1,53,Above
0.5,-0.5,OPEN,0900,51.3,66,Below
0.5,-0.5,OPEN,1000,73.8,56,Above
0.5,-0.5,OPEN,1000,22.6,47,Below
0.5,-0.5,OPEN,1100,45.5,60,Above
0.5,-0.5,OPEN,1100,80.8,55,Below
0.5,-0.5,OPEN,1200,25.0,45,Above
0.5,-0.5,OPEN,1200,41.0,81,Below
0.5,-0.5,OPEN,1300,18.1,13,Above
0.5,-0.5,OPEN,1300,13.8,16,Below
0.5,-0.5,OPEN,1400,30.5,46,Above
0.5,-0.5,OPEN,1400,47.5,91,Below
0.5,-0.5,OPEN,1500,73.1,58,Above
0.5,-0.5,OPEN,1500,84.8,67,Below
0.5,-0.5,OPEN,1600,59.6,77,Above
0.5,-0.5,OPEN,1600,30.8,60,Below
0.5,-0.5,0900,OPEN,84.8,91,Above
0.5,-0.5,0900,OPEN,23.5,55,Below
0.5,-0.5,0900,0900,61.1,37,Above
0.5,-0.5,0900,0900,68.2,68,Below
0.5,-0.5,0900,1000,96.3,53,Above
0.5,-0.5,0900,1000,68.7,56,Below
0.5,-0.5,0900,1100,64.5,50,Above
0.5,-0.5,0900,1100,58.8,54,Below
0.5,-0.5,0900,1200,51.4,43,Above
0.5,-0.5,0900,1200,10.9,99,Below
0.5,-0.5,0900,1300,30.5,67,Above
0.5,-0.5,0900,1300,77.6,87,Below
0.5,-0.5,0900,1400,30.4,25,Above
0.5,-0.5,0900,1400,55.2,57,Below
0.5,-0.5,0900,1500,15.9,11,Above
0.5,-0.5,0900,1500,49.0,57,Below
0.5,-0.5,0900,1600,77.7,31,Above
0.5,-0.5,0900,1600,89.1,54,Below
0.5,-0.5,1000,OPEN,99.8,44,Above
0.5,-0.5,1000,OPEN,92.6,96,Below
0.5,-0.5,1000,0900,60.8,48,Above
0.5,-0.5,1000,0900,27.9,31,Below
0.5,-0.5,1000,1000,36.2,17,Above
0.5,-0.5,1000,1000,24.5,77,Below
0.5,-0.5,1000,1100,28.2,96,Above
0.5,-0.5,1000,1100,93.7,38,Below
0.5,-0.5,1000,1200,67.0,16,Above
0.5,-0.5,1000,1200,23.1,55,Below
0.5,-0.5,1000,1300,58.8,61,Above
0.5,-0.5,1000,1300,20.7,67,Below
0.5,-0.5,1000,1400,80.4,14,Above
0.5,-0.5,1000,1400,41.6,17,Below
0.5,-0.5,1000,1500,61.9,82,Above
0.5,-0.5,1000,1500,60.0,92,Below
0.5,-0.5,1000,1600,99.3,28,Above
0.5,-0.5,1000,1600,21.8,45,Below
0.5,-0.5,1100,OPEN,45.1,86,Above
0.5,-0.5,1100,OPEN,95.7,79,Below
0.5,-0.5,1100,0900,41.3,39,Above
0.5,-0.5,1100,0900,81.1,52,Below
0.5,-0.5,1100,1000,71.0,95,Above
0.5,-0.5,1100,1000,61.8,30,Below
0.5,-0.5,1100,1100,88.1,36,Above
0.5,-0.5,1100,1100,69.7,93,Below
0.5,-0.5,1100,1200,35.0,64,Above
0.5,-0.5,1100,1200,72.4,91,Below
0.5,-0.5,1100,1300,20.7,80,Above
0.5,-0.5,1100,1300,54.2,25,Below
0.5,-0.5,1100,1400,28.7,80,Above
0.5,-0.5,1100,1400,88.5,23,Below
0.5,-0.5,1100,1500,13.4,57,Above
0.5,-0.5,1100,1500,23.7,85,Below
0.5,-0.5,1100,1600,57.6,35,Above
0.5,-0.5,1100,1600,75.6,82,Below
0.5,-0.5,1200,OPEN,40.7,54,Above
0.5,-0.5,1200,OPEN,83.3,42,Below
0.5,-0.5,1200,0900,31.9,30,Above
0.5,-0.5,1200,0900,10.4,61,Below
0.5,-0.5,1200,1000,93.1,93,Above
0.5,-0.5,1200,1000,27.3,87,Below
0.5,-0.5,1200,1100,96.0,77,Above
0.5,-0.5,1200,1100,57.4,47,Below
0.5,-0.5,1200,1200,53.0,25,Above
0.5,-0.5,1200,1200,35.0,95,Below
0.5,-0.5,1200,1300,83.9,62,Above
0.5,-0.5,1200,1300,57.0,47,Below
0.5,-0.5,1200,1400,87.1,32,Above
0.5,-0.5,1200,1400,54.8,55,Below
0.5,-0.5,1200,1500,87.4,68,Above
0.5,-0.5,1200,1500,23.4,82,Below
0.5,-0.5,1200,1600,74.5,99,Above
0.5,-0.5,1200,1600,90.8,95,Below
0.5,0.0,OPEN,OPEN,47.2,72,Above
0.5,0.0,OPEN,OPEN,81.4,47,Below
0.5,0.0,OPEN,0900,80.7,23,Above
0.5,0.0,OPEN,0900,91.7,13,Below
0.5,0.0,OPEN,1000,73.1,75,Above
0.5,0.0,OPEN,1000,45.5,84,Below
0.5,0.0,OPEN,1100,72.2,75,Above
0.5,0.0,OPEN,1100,68.9,80,Below
0.5,0.0,OPEN,1200,49.7,67,Above
0.5,0.0,OPEN,1200,65.8,99,Below
0.5,0.0,OPEN,1300,78.7,39,Above
0.5,0.0,OPEN,1300,63.9,79,Below
0.5,0.0,OPEN,1400,53.8,51,Above
0.5,0.0,OPEN,1400,32.5,56,Below
0.5,0.0,OPEN,1500,27.0,93,Above
0.5,0.0,OPEN,1500,65.7,62,Below
0.5,0.0,OPEN,1600,30.7,66,Above
0.5,0.0,OPEN,1600,100.0,46,Below
0.5,0.0,0900,OPEN,59.0,21,Above
0.5,0.0,0900,OPEN,21.0,94,Below
0.5,0.0,0900,0900,53.9,42,Above
0.5,0.0,0900,0900,89.1,96,Below
0.5,0.0,0900,1000,24.5,32,Above
0.5,0.0,0900,1000,76.7,11,Below
0.5,0.0,0900,1100,50.1,17,Above
0.5,0.0,0900,1100,20.7,15,Below
0.5,0.0,0900,1200,58.8,25,Above
0.5,0.0,0900,1200,45.6,91,Below
0.5,0.0,0900,1300,60.8,14,Above
0.5,0.0,0900,1300,27.1,56,Below
0.5,0.0,0900,1400,70.8,28,Above
0.5,0.0,0900,1400,90.3,63,Below
0.5,0.0,0900,1500,81.1,30,Above
0.5,0.0,0900,1500,48.4,21,Below
0.5,0.0,0900,1600,81.9,36,Above
0.5,0.0,0900,1600,97.0,66,Below
0.5,0.0,1000,OPEN,13.0,63,Above
0.5,0.0,1000,OPEN,78.1,47,Below
0.5,0.0,1000,0900,88.8,74,Above
0.5,0.0,1000,0900,85.6,93,Below
0.5,0.0,1000,1000,73.4,86,Above
0.5,0.0,1000,1000,65.0,46,Below
0.5,0.0,1000,1100,11.9,33,Above
0.5,0.0,1000,1100,16.0,49,Below
0.5,0.0,1000,1200,38.0,76,Above
0.5,0.0,1000,1200,26.4,56,Below
0.5,0.0,1000,1300,43.6,47,Above
0.5,0.0,1000,1300,30.4,98,Below
0.5,0.0,1000,1400,95.9,35,Above
0.5,0.0,1000,1400,87.0,93,Below
0.5,0.0,1000,1500,60.0,85,Above
0.5,0.0,1000,1500,76.3,73,Below
0.5,0.0,1000,1600,45.7,51,Above
0.5,0.0,1000,1600,63.2,16,Below
0.5,0.0,1100,OPEN,94.7,10,Above
0.5,0.0,1100,OPEN,69.0,28,Below
0.5,0.0,1100,0900,30.5,15,Above
0.5,0.0,1100,0900,63.3,46,Below
0.5,0.0,1100,1000,21.6,69,Above
0.5,0.0,1100,1000,40.6,33,Below
0.5,0.0,1100,1100,20.4,27,Above
0.5,0.0,1100,1100,59.1,65,Below
0.5,0.0,1100,1200,29.2,19,Above
0.5,0.0,1100,1200,53.7,58,Below
0.5,0.0,1100,1300,79.2,61,Above
0.5,0.0,1100,1300,13.2,41,Below
0.5,0.0,1100,1400,17.3,49,Above
0.5,0.0,1100,1400,14.8,54,Below
0.5,0.0,1100,1500,98.3,91,Above
0.5,0.0,1100,1500,93.6,79,Below
0.5,0.0,1100,1600,96.9,95,Above
0.5,0.0,1100,1600,32.1,71,Below
0.5,0.0,1200,OPEN,35.6,63,Above
0.5,0.0,1200,OPEN,33.4,45,Below
0.5,0.0,1200,0900,88.6,14,Above
0.5,0.0,1200,0900,98.1,75,Below
0.5,0.0,1200,1000,12.2,35,Above
0.5,0.0,1200,1000,80.7,34,Below
0.5,0.0,1200,1100,71.4,94,Above
0.5,0.0,1200,1100,45.5,43,Below
0.5,0.0,1200,1200,40.1,39,Above
0.5,0.0,1200,1200,70.7,63,Below
0.5,0.0,1200,1300,45.9,74,Above
0.5,0.0,1200,1300,91.3,85,Below
0.5,0.0,1200,1400,27.4,32,Above
0.5,0.0,1200,1400,87.3,38,Below
0.5,0.0,1200,1500,90.6,67,Above
0.5,0.0,1200,1500,47.4,39,Below
0.5,0.0,1200,1600,67.9,42,Above
0.5,0.0,1200,1600,78.8,57,Below
0.5,0.5,OPEN,OPEN,61.1,67,Above
0.5,0.5,OPEN,OPEN,51.3,11,Below
0.5,0.5,OPEN,0900,20.9,49,Above
0.5,0.5,OPEN,0900,45.3,69,Below
0.5,0.5,OPEN,1000,78.3,67,Above
0.5,0.5,OPEN,1000,33.4,67,Below
0.5,0.5,OPEN,1100,44.9,65,Above
0.5,0.5,OPEN,1100,70.5,43,Below
0.5,0.5,OPEN,1200,13.2,47,Above
0.5,0.5,OPEN,1200,10.3,83,Below
0.5,0.5,OPEN,1300,94.9,82,Above
0.5,0.5,OPEN,1300,31.7,22,Below
0.5,0.5,OPEN,1400,98.4,93,Above
0.5,0.5,OPEN,1400,89.4,62,Below
0.5,0.5,OPEN,1500,94.0,52,Above
0.5,0.5,OPEN,1500,33.5,63,Below
0.5,0.5,OPEN,1600,87.4,24,Above
0.5,0.5,OPEN,1600,98.2,38,Below
0.5,0.5,0900,OPEN,39.4,99,Above
0.5,0.5,0900,OPEN,60.7,89,Below
0.5,0.5,0900,0900,93.0,36,Above
0.5,0.5,0900,0900,56.9,20,Below
0.5,0.5,0900,1000,52.5,61,Above
0.5,0.5,0900,1000,39.0,12,Below
0.5,0.5,0900,1100,13.2,66,Above
0.5,0.5,0900,1100,91.7,68,Below
0.5,0.5,0900,1200,35.7,49,Above
0.5,0.5,0900,1200,61.8,21,Below
0.5,0.5,0900,1300,36.5,12,Above
0.5,0.5,0900,1300,97.4,96,Below
0.5,0.5,0900,1400,98.2,11,Above
0.5,0.5,0900,1400,90.2,22,Below
0.5,0.5,0900,1500,26.6,89,Above
0.5,0.5,0900,1500,11.7,67,Below
0.5,0.5,0900,1600,69.7,52,Above
0.5,0.5,0900,1600,63.6,99,Below
0.5,0.5,1000,OPEN,31.5,84,Above
0.5,0.5,1000,OPEN,21.9,69,Below
0.5,0.5,1000,0900,52.0,79,Above
0.5,0.5,1000,0900,27.1,31,Below
0.5,0.5,1000,1000,55.9,85,Above
0.5,0.5,1000,1000,53.3,94,Below
0.5,0.5,1000,1100,21.7,11,Above
0.5,0.5,1000,1100,46.1,28,Below
0.5,0.5,1000,1200,62.6,80,Above
0.5,0.5,1000,1200,90.4,35,Below
0.5,0.5,1000,1300,14.5,44,Above
0.5,0.5,1000,1300,10.7,81,Below
0.5,0.5,1000,1400,42.1,73,Above
0.5,0.5,1000,1400,85.1,22,Below
0.5,0.5,1000,1500,60.6,77,Above
0.5,0.5,1000,1500,62.4,79,Below
0.5,0.5,1000,1600,93.5,41,Above
0.5,0.5,1000,1600,98.7,83,Below
0.5,0.5,1100,OPEN,10.5,84,Above
0.5,0.5,1100,OPEN,76.6,11,Below
0.5,0.5,1100,0900,93.5,82,Above
0.5,0.5,1100,0900,44.9,45,Below
0.5,0.5,1100,1000,99.7,24,Above
0.5,0.5,1100,1000,63.5,59,Below
0.5,0.5,1100,1100,43.7,37,Above
0.5,0.5,1100,1100,24.8,42,Below
0.5,0.5,1100,1200,39.4,61,Above
0.5,0.5,1100,1200,43.4,95,Below
0.5,0.5,1100,1300,69.1,70,Above
0.5,0.5,1100,1300,51.0,49,Below
0.5,0.5,1100,1400,44.2,28,Above
0.5,0.5,1100,1400,97.0,50,Below
0.5,0.5,1100,1500,37.3,52,Above
0.5,0.5,1100,1500,65.7,26,Below
0.5,0.5,1100,1600,30.9,85,Above
0.5,0.5,1100,1600,37.0,16,Below
0.5,0.5,1200,OPEN,53.1,74,Above
0.5,0.5,1200,OPEN,46.7,53,Below
0.5,0.5,1200,0900,32.0,60,Above
0.5,0.5,1200,0900,42.1,23,Below
0.5,0.5,1200,1000,34.5,15,Above
0.5,0.5,1200,1000,15.3,23,Below
0.5,0.5,1200,1100,38.6,76,Above
0.5,0.5,1200,1100,49.6,76,Below
0.5,0.5,1200,1200,76.3,35,Above
0.5,0.5,1200,1200,19.8,25,Below
0.5,0.5,1200,1300,13.1,29,Above
0.5,0.5,1200,1300,66.6,12,Below
0.5,0.5,1200,1400,13.4,85,Above
0.5,0.5,1200,1400,10.1,18,Below
0.5,0.5,1200,1500,43.8,37,Above
0.5,0.5,1200,1500,45.2,28,Below
0.5,0.5,1200,1600,92.1,71,Above
0.5,0.5,1200,1600,70.1,45,Below
0.5,1.0,OPEN,OPEN,71.6,32,Above
0.5,1.0,OPEN,OPEN,14.2,31,Below
0.5,1.0,OPEN,0900,29.4,16,Above
0.5,1.0,OPEN,0900,98.7,53,Below
0.5,1.0,OPEN,1000,36.6,38,Above
0.5,1.0,OPEN,1000,14.7,99,Below
0.5,1.0,OPEN,1100,67.7,23,Above
0.5,1.0,OPEN,1100,40.7,64,Below
0.5,1.0,OPEN,1200,38.9,58,Above
0.5,1.0,OPEN,1200,45.0,44,Below
0.5,1.0,OPEN,1300,55.9,61,Above
0.5,1.0,OPEN,1300,78.3,95,Below
0.5,1.0,OPEN,1400,23.2,48,Above
0.5,1.0,OPEN,1400,34.7,41,Below
0.5,1.0,OPEN,1500,79.4,18,Above
0.5,1.0,OPEN,1500,90.6,82,Below
0.5,1.0,OPEN,1600,78.0,44,Above
0.5,1.0,OPEN,1600,65.1,77,Below
0.5,1.0,0900,OPEN,58.2,74,Above
0.5,1.0,0900,OPEN,16.7,66,Below
0.5,1.0,0900,0900,39.9,99,Above
0.5,1.0,0900,0900,72.6,62,Below
0.5,1.0,0900,1000,17.5,93,Above
0.5,1.0,0900,1000,85.4,10,Below
0.5,1.0,0900,1100,77.9,82,Above
0.5,1.0,0900,1100,26.7,86,Below
0.5,1.0,0900,1200,66.2,79,Above
0.5,1.0,0900,1200,23.4,22,Below
0.5,1.0,0900,1300,85.8,23,Above
0.5,1.0,0900,1300,78.4,41,Below
0.5,1.0,0900,1400,37.6,74,Above
0.5,1.0,0900,1400,33.7,28,Below
0.5,1.0,0900,1500,80.0,46,Above
0.5,1.0,0900,1500,88.0,50,Below
0.5,1.0,0900,1600,36.3,73,Above
0.5,1.0,0900,1600,63.2,30,Below
0.5,1.0,1000,OPEN,63.7,33,Above
0.5,1.0,1000,OPEN,20.1,65,Below
0.5,1.0,1000,0900,63.8,47,Above
0.5,1.0,1000,0900,54.1,44,Below
0.5,1.0,1000,1000,98.3,50,Above
0.5,1.0,1000,1000,29.3,70,Below
0.5,1.0,1000,1100,50.8,78,Above
0.5,1.0,1000,1100,85.3,55,Below
0.5,1.0,1000,1200,73.2,33,Above
0.5,1.0,1000,1200,25.2,23,Below
0.5,1.0,1000,1300,81.4,61,Above
0.5,1.0,1000,1300,87.1,71,Below
0.5,1.0,1000,1400,98.0,33,Above
0.5,1.0,1000,1400,60.1,12,Below
0.5,1.0,1000,1500,74.9,93,Above
0.5,1.0,1000,1500,43.6,18,Below
0.5,1.0,1000,1600,70.0,24,Above
0.5,1.0,1000,1600,26.0,16,Below
0.5,1.0,1100,OPEN,74.3,78,Above
0.5,1.0,1100,OPEN,24.1,96,Below
0.5,1.0,1100,0900,58.3,38,Above
0.5,1.0,1100,0900,75.4,93,Below
0.5,1.0,1100,1000,79.9,19,Above
0.5,1.0,1100,1000,57.1,34,Below
0.5,1.0,1100,1100,46.2,32,Above
0.5,1.0,1100,1100,26.2,29,Below
0.5,1.0,1100,1200,48.8,84,Above
0.5,1.0,1100,1200,37.4,17,Below
0.5,1.0,1100,1300,99.9,98,Above
0.5,1.0,1100,1300,48.2,78,Below
0.5,1.0,1100,1400,93.8,53,Above
0.5,1.0,1100,1400,99.4,62,Below
0.5,1.0,1100,1500,79.4,69,Above
0.5,1.0,1100,1500,94.2,81,Below
0.5,1.0,1100,1600,24.0,20,Above
0.5,1.0,1100,1600,70.6,25,Below
0.5,1.0,1200,OPEN,88.2,29,Above
0.5,1.0,1200,OPEN,39.3,16,Below
0.5,1.0,1200,0900,85.1,41,Above
0.5,1.0,1200,0900,19.5,93,Below
0.5,1.0,1200,1000,57.8,81,Above
0.5,1.0,1200,1000,43.6,77,Below
0.5,1.0,1200,1100,50.2,12,Above
0.5,1.0,1200,1100,34.9,75,Below
0.5,1.0,1200,1200,84.1,96,Above
0.5,1.0,1200,1200,75.7,14,Below
0.5,1.0,1200,1300,92.9,14,Above
0.5,1.0,1200,1300,44.8,72,Below
0.5,1.0,1200,1400,34.6,79,Above
0.5,1.0,1200,1400,86.0,80,Below
0.5,1.0,1200,1500,48.8,41,Above
0.5,1.0,1200,1500,23.7,68,Below
0.5,1.0,1200,1600,51.8,40,Above
0.5,1.0,1200,1600,89.0,54,Below
1.0,-1.0,OPEN,OPEN,85.9,98,Above
1.0,-1.0,OPEN,OPEN,79.1,93,Below
1.0,-1.0,OPEN,0900,93.1,58,Above
1.0,-1.0,OPEN,0900,19.9,33,Below
1.0,-1.0,OPEN,1000,83.3,63,Above
1.0,-1.0,OPEN,1000,40.1,33,Below
1.0,-1.0,OPEN,1100,44.2,71,Above
1.0,-1.0,OPEN,1100,37.6,36,Below
1.0,-1.0,OPEN,1200,11.5,98,Above
1.0,-1.0,OPEN,1200,15.8,31,Below
1.0,-1.0,OPEN,1300,84.5,42,Above
1.0,-1.0,OPEN,1300,41.0,28,Below
1.0,-1.0,OPEN,1400,30.4,84,Above
1.0,-1.0,OPEN,1400,60.8,49,Below
1.0,-1.0,OPEN,1500,50.0,35,Above
1.0,-1.0,OPEN,1500,96.4,83,Below
1.0,-1.0,OPEN,1600,44.7,87,Above
1.0,-1.0,OPEN,1600,26.6,36,Below
1.0,-1.0,0900,OPEN,75.0,94,Above
1.0,-1.0,0900,OPEN,49.4,43,Below
1.0,-1.0,0900,0900,47.9,46,Above
1.0,-1.0,0900,0900,47.2,50,Below
1.0,-1.0,0900,1000,86.7,74,Above
1.0,-1.0,0900,1000,34.8,83,Below
1.0,-1.0,0900,1100,22.7,66,Above
1.0,-1.0,0900,1100,27.0,40,Below
1.0,-1.0,0900,1200,68.7,67,Above
1.0,-1.0,0900,1200,79.5,92,Below
1.0,-1.0,0900,1300,57.1,70,Above
1.0,-1.0,0900,1300,72.0,27,Below
1.0,-1.0,0900,1400,49.6,88,Above
1.0,-1.0,0900,1400,38.7,92,Below
1.0,-1.0,0900,1500,96.1,77,Above
1.0,-1.0,0900,1500,97.6,72,Below
1.0,-1.0,0900,1600,100.0,34,Above
1.0,-1.0,0900,1600,15.7,22,Below
1.0,-1.0,1000,OPEN,19.9,73,Above
1.0,-1.0,1000,OPEN,89.4,69,Below
1.0,-1.0,1000,0900,80.0,16,Above
1.0,-1.0,1000,0900,74.4,70,Below
1.0,-1.0,1000,1000,91.8,72,Above
1.0,-1.0,1000,1000,90.3,50,Below
1.0,-1.0,1000,1100,37.3,16,Above
1.0,-1.0,1000,1100,40.3,90,Below
1.0,-1.0,1000,1200,64.5,16,Above
1.0,-1.0,1000,1200,16.0,80,Below
1.0,-1.0,1000,1300,21.0,55,Above
1.0,-1.0,1000,1300,25.9,97,Below
1.0,-1.0,1000,1400,77.9,16,Above
1.0,-1.0,1000,1400,55.1,67,Below
1.0,-1.0,1000,1500,99.0,16,Above
1.0,-1.0,1000,1500,72.5,40,Below
1.0,-1.0,1000,1600,12.8,16,Above
1.0,-1.0,1000,1600,37.5,63,Below
1.0,-1.0,1100,OPEN,69.4,48,Above
1.0,-1.0,1100,OPEN,74.3,48,Below
1.0,-1.0,1100,0900,61.9,75,Above
1.0,-1.0,1100,0900,47.6,79,Below
1.0,-1.0,1100,1000,63.8,10,Above
1.0,-1.0,1100,1000,49.1,29,Below
1.0,-1.0,1100,1100,23.9,73,Above
1.0,-1.0,1100,1100,20.1,96,Below
1.0,-1.0,1100,1200,25.4,28,Above
1.0,-1.0,1100,1200,21.0,69,Below
1.0,-1.0,1100,1300,35.3,38,Above
1.0,-1.0,1100,1300,12.4,21,Below
1.0,-1.0,1100,1400,65.4,92,Above
1.0,-1.0,1100,1400,31.2,97,Below
1.0,-1.0,1100,1500,37.2,93,Above
1.0,-1.0,1100,1500,18.0,43,Below
1.0,-1.0,1100,1600,24.4,19,Above
1.0,-1.0,1100,1600,75.0,86,Below
1.0,-1.0,1200,OPEN,19.1,91,Above
1.0,-1.0,1200,OPEN,13.8,98,Below
1.0,-1.0,1200,0900,92.0,85,Above
1.0,-1.0,1200,0900,56.9,46,Below
1.0,-1.0,1200,1000,43.0,26,Above
1.0,-1.0,1200,1000,93.1,72,Below
1.0,-1.0,1200,1100,34.8,80,Above
1.0,-1.0,1200,1100,52.0,79,Below
1.0,-1.0,1200,1200,34.3,28,Above
1.0,-1.0,1200,1200,98.1,12,Below
1.0,-1.0,1200,1300,26.9,16,Above
1.0,-1.0,1200,1300,56.0,46,Below
1.0,-1.0,1200,1400,43.9,71,Above
1.0,-1.0,1200,1400,79.9,18,Below
1.0,-1.0,1200,1500,22.7,66,Above
1.0,-1.0,1200,1500,91.4,13,Below
1.0,-1.0,1200,1600,19.3,91,Above
1.0,-1.0,1200,1600,62.3,49,Below
1.0,-0.5,OPEN,OPEN,35.1,42,Above
1.0,-0.5,OPEN,OPEN,66.8,54,Below
1.0,-0.5,OPEN,0900,64.0,91,Above
1.0,-0.5,OPEN,0900,71.4,29,Below
1.0,-0.5,OPEN,1000,12.0,76,Above
1.0,-0.5,OPEN,1000,61.8,35,Below
1.0,-0.5,OPEN,1100,12.1,65,Above
1.0,-0.5,OPEN,1100,45.5,96,Below
1.0,-0.5,OPEN,1200,32.7,19,Above
1.0,-0.5,OPEN,1200,96.0,35,Below
1.0,-0.5,OPEN,1300,39.7,75,Above
1.0,-0.5,OPEN,1300,31.6,17,Below
1.0,-0.5,OPEN,1400,91.0,96,Above
1.0,-0.5,OPEN,1400,35.4,83,Below
1.0,-0.5,OPEN,1500,28.4,41,Above
1.0,-0.5,OPEN,1500,34.4,91,Below
1.0,-0.5,OPEN,1600,72.3,49,Above
1.0,-0.5,OPEN,1600,80.4,24,Below
1.0,-0.5,0900,OPEN,77.5,85,Above
1.0,-0.5,0900,OPEN,29.1,74,Below
1.0,-0.5,0900,0900,98.7,93,Above
1.0,-0.5,0900,0900,93.0,74,Below
1.0,-0.5,0900,1000,91.7,57,Above
1.0,-0.5,0900,1000,40.0,63,Below
1.0,-0.5,0900,1100,81.1,17,Above
1.0,-0.5,0900,1100,83.4,14,Below
1.0,-0.5,0900,1200,37.3,46,Above
1.0,-0.5,0900,1200,41.4,99,Below
1.0,-0.5,0900,1300,53.6,79,Above
1.0,-0.5,0900,1300,88.9,51,Below
1.0,-0.5,0900,1400,76.6,21,Above
1.0,-0.5,0900,1400,22.2,13,Below
1.0,-0.5,0900,1500,50.2,27,Above
1.0,-0.5,0900,1500,96.5,28,Below
1.0,-0.5,0900,1600,89.2,58,Above
1.0,-0.5,0900,1600,33.3,26,Below
1.0,-0.5,1000,OPEN,48.5,17,Above
1.0,-0.5,1000,OPEN,75.5,39,Below
1.0,-0.5,1000,0900,75.6,12,Above
1.0,-0.5,1000,0900,68.9,70,Below
1.0,-0.5,1000,1000,47.1,10,Above
1.0,-0.5,1000,1000,80.2,78,Below
1.0,-0.5,1000,1100,36.7,96,Above
1.0,-0.5,1000,1100,53.4,54,Below
1.0,-0.5,1000,1200,63.8,60,Above
1.0,-0.5,1000,1200,34.4,24,Below
1.0,-0.5,1000,1300,78.9,40,Above
1.0,-0.5,1000,1300,81.1,82,Below
1.0,-0.5,1000,1400,32.4,69,Above
1.0,-0.5,1000,1400,56.3,90,Below
1.0,-0.5,1000,1500,32.1,96,Above
1.0,-0.5,1000,1500,70.5,88,Below
1.0,-0.5,1000,1600,66.4,85,Above
1.0,-0.5,1000,1600,12.9,42,Below
1.0,-0.5,1100,OPEN,31.4,86,Above
1.0,-0.5,1100,OPEN,60.7,80,Below
1.0,-0.5,1100,0900,70.3,27,Above
1.0,-0.5,1100,0900,10.3,76,Below
1.0,-0.5,1100,1000,38.3,26,Above
1.0,-0.5,1100,1000,62.4,27,Below
1.0,-0.5,1100,1100,54.9,68,Above
1.0,-0.5,1100,1100,11.2,43,Below
1.0,-0.5,1100,1200,35.9,16,Above
1.0,-0.5,1100,1200,82.3,10,Below
1.0,-0.5,1100,1300,54.1,30,Above
1.0,-0.5,1100,1300,57.8,68,Below
1.0,-0.5,1100,1400,24.9,88,Above
1.0,-0.5,1100,1400,50.1,22,Below
1.0,-0.5,1100,1500,18.9,59,Above
1.0,-0.5,1100,1500,58.7,69,Below
1.0,-0.5,1100,1600,31.5,97,Above
1.0,-0.5,1100,1600,87.9,84,Below
1.0,-0.5,1200,OPEN,96.9,59,Above
1.0,-0.5,1200,OPEN,61.4,63,Below
1.0,-0.5,1200,0900,85.1,22,Above
1.0,-0.5,1200,0900,68.7,20,Below
1.0,-0.5,1200,1000,89.4,21,Above
1.0,-0.5,1200,1000,61.4,41,Below
1.0,-0.5,1200,1100,49.3,47,Above
1.0,-0.5,1200,1100,66.0,96,Below
1.0,-0.5,1200,1200,100.0,35,Above
1.0,-0.5,1200,1200,57.9,56,Below
1.0,-0.5,1200,1300,31.2,41,Above
1.0,-0.5,1200,1300,89.0,76,Below
1.0,-0.5,1200,1400,19.7,62,Above
1.0,-0.5,1200,1400,24.0,41,Below
1.0,-0.5,1200,1500,35.6,28,Above
1.0,-0.5,1200,1500,25.3,73,Below
1.0,-0.5,1200,1600,18.9,33,Above
1.0,-0.5,1200,1600,24.3,14,Below
1.0,0.0,OPEN,OPEN,83.3,61,Above
1.0,0.0,OPEN,OPEN,49.9,74,Below
1.0,0.0,OPEN,0900,26.7,65,Above
1.0,0.0,OPEN,0900,17.2,53,Below
1.0,0.0,OPEN,1000,50.7,72,Above
1.0,0.0,OPEN,1000,72.3,16,Below
1.0,0.0,OPEN,1100,75.1,37,Above
1.0,0.0,OPEN,1100,69.5,78,Below
1.0,0.0,OPEN,1200,38.0,60,Above
1.0,0.0,OPEN,1200,89.6,12,Below
1.0,0.0,OPEN,1300,86.8,66,Above
1.0,0.0,OPEN,1300,60.9,34,Below
1.0,0.0,OPEN,1400,66.0,74,Above
1.0,0.0,OPEN,1400,18.6,74,Below
1.0,0.0,OPEN,1500,48.5,47,Above
1.0,0.0,OPEN,1500,63.3,24,Below
1.0,0.0,OPEN,1600,76.3,99,Above
1.0,0.0,OPEN,1600,59.9,30,Below
1.0,0.0,0900,OPEN,13.3,58,Above
1.0,0.0,0900,OPEN,83.3,75,Below
1.0,0.0,0900,0900,77.4,30,Above
1.0,0.0,0900,0900,93.6,56,Below
1.0,0.0,0900,1000,53.4,44,Above
1.0,0.0,0900,1000,18.4,68,Below
1.0,0.0,0900,1100,70.9,92,Above
1.0,0.0,0900,1100,84.9,89,Below
1.0,0.0,0900,1200,99.2,93,Above
1.0,0.0,0900,1200,44.0,72,Below
1.0,0.0,0900,1300,48.0,27,Above
1.0,0.0,0900,1300,34.3,47,Below
1.0,0.0,0900,1400,70.0,90,Above
1.0,0.0,0900,1400,43.5,13,Below
1.0,0.0,0900,1500,82.5,63,Above
1.0,0.0,0900,1500,35.1,34,Below
1.0,0.0,0900,1600,17.3,29,Above
1.0,0.0,0900,1600,91.9,63,Below
1.0,0.0,1000,OPEN,74.6,14,Above
1.0,0.0,1000,OPEN,22.0,79,Below
1.0,0.0,1000,0900,12.6,63,Above
1.0,0.0,1000,0900,28.2,16,Below
1.0,0.0,1000,1000,63.4,15,Above
1.0,0.0,1000,1000,70.3,21,Below
1.0,0.0,1000,1100,88.9,16,Above
1.0,0.0,1000,1100,36.8,56,Below
1.0,0.0,1000,1200,68.0,14,Above
1.0,0.0,1000,1200,86.1,50,Below
1.0,0.0,1000,1300,33.6,72,Above
1.0,0.0,1000,1300,14.3,15,Below
1.0,0.0,1000,1400,68.5,96,Above
1.0,0.0,1000,1400,33.4,54,Below
1.0,0.0,1000,1500,47.4,42,Above
1.0,0.0,1000,1500,59.5,18,Below
1.0,0.0,1000,1600,37.5,82,Above
1.0,0.0,1000,1600,94.2,43,Below
1.0,0.0,1100,OPEN,93.7,62,Above
1.0,0.0,1100,OPEN,34.1,46,Below
1.0,0.0,1100,0900,19.2,39,Above
1.0,0.0,1100,0900,81.9,65,Below
1.0,0.0,1100,1000,64.1,73,Above
1.0,0.0,1100,1000,23.4,85,Below
1.0,0.0,1100,1100,35.9,41,Above
1.0,0.0,1100,1100,85.3,64,Below
1.0,0.0,1100,1200,80.6,16,Above
1.0,0.0,1100,1200,44.3,88,Below
1.0,0.0,1100,1300,80.9,93,Above
1.0,0.0,1100,1300,77.6,75,Below
1.0,0.0,1100,1400,62.0,64,Above
1.0,0.0,1100,1400,15.3,97,Below
1.0,0.0,1100,1500,46.6,17,Above
1.0,0.0,1100,1500,23.4,25,Below
1.0,0.0,1100,1600,18.8,92,Above
1.0,0.0,1100,1600,94.1,30,Below
1.0,0.0,1200,OPEN,24.9,68,Above
1.0,0.0,1200,OPEN,15.7,65,Below
1.0,0.0,1200,0900,91.7,17,Above
1.0,0.0,1200,0900,51.8,20,Below
1.0,0.0,1200,1000,27.7,30,Above
1.0,0.0,1200,1000,34.7,38,Below
1.0,0.0,1200,1100,24.6,95,Above
1.0,0.0,1200,1100,40.1,15,Below
1.0,0.0,1200,1200,72.2,70,Above
1.0,0.0,1200,1200,75.5,69,Below
1.0,0.0,1200,1300,81.2,31,Above
1.0,0.0,1200,1300,34.3,93,Below
1.0,0.0,1200,1400,59.8,24,Above
1.0,0.0,1200,1400,25.4,88,Below
1.0,0.0,1200,1500,69.0,63,Above
1.0,0.0,1200,1500,78.0,22,Below
1.0,0.0,1200,1600,11.8,70,Above
1.0,0.0,1200,1600,88.0,24,Below
1.0,0.5,OPEN,OPEN,38.2,64,Above
1.0,0.5,OPEN,OPEN,22.3,43,Below
1.0,0.5,OPEN,0900,61.5,90,Above
1.0,0.5,OPEN,0900,61.2,29,Below
1.0,0.5,OPEN,1000,34.6,83,Above
1.0,0.5,OPEN,1000,31.3,71,Below
1.0,0.5,OPEN,1100,20.1,50,Above
1.0,0.5,OPEN,1100,73.7,53,Below
1.0,0.5,OPEN,1200,24.8,83,Above
1.0,0.5,OPEN,1200,41.8,61,Below
1.0,0.5,OPEN,1300,13.5,58,Above
1.0,0.5,OPEN,1300,51.0,35,Below
1.0,0.5,OPEN,1400,51.2,38,Above
1.0,0.5,OPEN,1400,13.5,69,Below
1.0,0.5,OPEN,1500,49.6,14,Above
1.0,0.5,OPEN,1500,22.0,83,Below
1.0,0.5,OPEN,1600,36.1,93,Above
1.0,0.5,OPEN,1600,14.2,72,Below
1.0,0.5,0900,OPEN,58.4,50,Above
1.0,0.5,0900,OPEN,81.1,28,Below
1.0,0.5,0900,0900,12.9,29,Above
1.0,0.5,0900,0900,12.1,41,Below
1.0,0.5,0900,1000,97.4,80,Above
1.0,0.5,0900,1000,55.0,95,Below
1.0,0.5,0900,1100,15.1,94,Above
1.0,0.5,0900,1100,10.4,94,Below
1.0,0.5,0900,1200,10.3,92,Above
1.0,0.5,0900,1200,88.4,99,Below
1.0,0.5,0900,1300,84.6,27,Above
1.0,0.5,0900,1300,73.0,20,Below
1.0,0.5,0900,1400,30.8,49,Above
1.0,0.5,0900,1400,56.6,81,Below
1.0,0.5,0900,1500,21.7,55,Above
1.0,0.5,0900,1500,53.8,29,Below
1.0,0.5,0900,1600,70.6,94,Above
1.0,0.5,0900,1600,61.5,51,Below
1.0,0.5,1000,OPEN,16.7,61,Above
1.0,0.5,1000,OPEN,84.5,63,Below
1.0,0.5,1000,0900,61.5,78,Above
1.0,0.5,1000,0900,89.3,97,Below
1.0,0.5,1000,1000,84.5,82,Above
1.0,0.5,1000,1000,55.5,48,Below
1.0,0.5,1000,1100,61.9,57,Above
1.0,0.5,1000,1100,51.9,84,Below
1.0,0.5,1000,1200,38.4,67,Above
1.0,0.5,1000,1200,83.0,47,Below
1.0,0.5,1000,1300,98.0,97,Above
1.0,0.5,1000,1300,25.9,13,Below
1.0,0.5,1000,1400,13.0,73,Above
1.0,0.5,1000,1400,99.2,70,Below
1.0,0.5,1000,1500,45.9,61,Above
1.0,0.5,1000,1500,29.9,11,Below
1.0,0.5,1000,1600,16.8,98,Above
1.0,0.5,1000,1600,29.1,32,Below
1.0,0.5,1100,OPEN,89.9,28,Above
1.0,0.5,1100,OPEN,18.9,98,Below
1.0,0.5,1100,0900,82.4,37,Above
1.0,0.5,1100,0900,74.8,88,Below
1.0,0.5,1100,1000,17.8,26,Above
1.0,0.5,1100,1000,18.7,21,Below
1.0,0.5,1100,1100,85.9,48,Above
1.0,0.5,1100,1100,30.1,36,Below
1.0,0.5,1100,1200,89.0,98,Above
1.0,0.5,1100,1200,10.4,72,Below
1.0,0.5,1100,1300,83.1,66,Above
1.0,0.5,1100,1300,55.4,28,Below
1.0,0.5,1100,1400,62.5,78,Above
1.0,0.5,1100,1400,10.0,63,Below
1.0,0.5,1100,1500,99.4,57,Above
1.0,0.5,1100,1500,18.7,97,Below
1.0,0.5,1100,1600,71.8,64,Above
1.0,0.5,1100,1600,78.3,13,Below
1.0,0.5,1200,OPEN,16.3,62,Above
1.0,0.5,1200,OPEN,88.4,24,Below
1.0,0.5,1200,0900,25.1,23,Above
1.0,0.5,1200,0900,27.3,15,Below
1.0,0.5,1200,1000,28.0,24,Above
1.0,0.5,1200,1000,75.8,57,Below
1.0,0.5,1200,1100,79.8,15,Above
1.0,0.5,1200,1100,23.8,16,Below
1.0,0.5,1200,1200,41.7,40,Above
1.0,0.5,1200,1200,32.9,42,Below
1.0,0.5,1200,1300,30.6,81,Above
1.0,0.5,1200,1300,55.1,60,Below
1.0,0.5,1200,1400,12.1,50,Above
1.0,0.5,1200,1400,77.0,61,Below
1.0,0.5,1200,1500,58.0,18,Above
1.0,0.5,1200,1500,50.2,44,Below
1.0,0.5,1200,1600,13.7,48,Above
1.0,0.5,1200,1600,34.7,68,Below
1.0,1.0,OPEN,OPEN,22.8,18,Above
1.0,1.0,OPEN,OPEN,61.9,15,Below
1.0,1.0,OPEN,0900,51.6,51,Above
1.0,1.0,OPEN,0900,76.7,87,Below
1.0,1.0,OPEN,1000,77.9,42,Above
1.0,1.0,OPEN,1000,16.9,76,Below
1.0,1.0,OPEN,1100,49.6,86,Above
1.0,1.0,OPEN,1100,49.3,23,Below
1.0,1.0,OPEN,1200,33.7,11,Above
1.0,1.0,OPEN,1200,12.0,19,Below
1.0,1.0,OPEN,1300,33.1,17,Above
1.0,1.0,OPEN,1300,30.9,99,Below
1.0,1.0,OPEN,1400,13.3,46,Above
1.0,1.0,OPEN,1400,61.9,86,Below
1.0,1.0,OPEN,1500,66.4,33,Above
1.0,1.0,OPEN,1500,15.1,89,Below
1.0,1.0,OPEN,1600,71.5,72,Above
1.0,1.0,OPEN,1600,56.7,75,Below
1.0,1.0,0900,OPEN,23.0,86,Above
1.0,1.0,0900,OPEN,37.7,39,Below
1.0,1.0,0900,0900,39.1,66,Above
1.0,1.0,0900,0900,21.8,27,Below
1.0,1.0,0900,1000,71.6,62,Above
1.0,1.0,0900,1000,94.0,29,Below
1.0,1.0,0900,1100,97.5,43,Above
1.0,1.0,0900,1100,39.8,71,Below
1.0,1.0,0900,1200,15.7,89,Above
1.0,1.0,0900,1200,67.2,80,Below
1.0,1.0,0900,1300,42.2,44,Above
1.0,1.0,0900,1300,38.3,48,Below
1.0,1.0,0900,1400,30.8,32,Above
1.0,1.0,0900,1400,59.6,64,Below
1.0,1.0,0900,1500,17.9,36,Above
1.0,1.0,0900,1500,33.5,70,Below
1.0,1.0,0900,1600,96.0,83,Above
1.0,1.0,0900,1600,95.6,33,Below
1.0,1.0,1000,OPEN,22.4,81,Above
1.0,1.0,1000,OPEN,68.1,22,Below
1.0,1.0,1000,0900,61.1,86,Above
1.0,1.0,1000,0900,57.5,93,Below
1.0,1.0,1000,1000,45.0,87,Above
1.0,1.0,1000,1000,72.6,53,Below
1.0,1.0,1000,1100,24.5,37,Above
1.0,1.0,1000,1100,81.6,14,Below
1.0,1.0,1000,1200,57.5,68,Above
1.0,1.0,1000,1200,74.5,51,Below
1.0,1.0,1000,1300,23.4,92,Above
1.0,1.0,1000,1300,75.1,97,Below
1.0,1.0,1000,1400,40.5,46,Above
1.0,1.0,1000,1400,87.7,80,Below
1.0,1.0,1000,1500,35.9,20,Above
1.0,1.0,1000,1500,98.3,57,Below
1.0,1.0,1000,1600,60.3,88,Above
1.0,1.0,1000,1600,31.5,51,Below
1.0,1.0,1100,OPEN,80.6,98,Above
1.0,1.0,1100,OPEN,33.1,55,Below
1.0,1.0,1100,0900,72.8,96,Above
1.0,1.0,1100,0900,93.4,47,Below
1.0,1.0,1100,1000,27.8,39,Above
1.0,1.0,1100,1000,12.8,97,Below
1.0,1.0,1100,1100,32.6,25,Above
1.0,1.0,1100,1100,39.1,93,Below
1.0,1.0,1100,1200,31.6,96,Above
1.0,1.0,1100,1200,68.5,88,Below
1.0,1.0,1100,1300,81.7,11,Above
1.0,1.0,1100,1300,64.3,21,Below
1.0,1.0,1100,1400,89.6,90,Above
1.0,1.0,1100,1400,82.2,16,Below
1.0,1.0,1100,1500,39.4,36,Above
1.0,1.0,1100,1500,79.5,74,Below
1.0,1.0,1100,1600,58.9,92,Above
1.0,1.0,1100,1600,93.9,18,Below
1.0,1.0,1200,OPEN,45.4,15,Above
1.0,1.0,1200,OPEN,77.2,12,Below
1.0,1.0,1200,0900,87.9,67,Above
1.0,1.0,1200,0900,56.9,89,Below
1.0,1.0,1200,1000,39.5,19,Above
1.0,1.0,1200,1000,17.8,79,Below
1.0,1.0,1200,1100,31.8,76,Above
1.0,1.0,1200,1100,63.6,85,Below
1.0,1.0,1200,1200,66.7,16,Above
1.0,1.0,1200,1200,19.6,81,Below
1.0,1.0,1200,1300,52.4,62,Above
1.0,1.0,1200,1300,49.9,16,Below
1.0,1.0,1200,1400,42.3,22,Above
1.0,1.0,1200,1400,37.2,42,Below
1.0,1.0,1200,1500,98.1,55,Above
1.0,1.0,1200,1500,47.4,36,Below
1.0,1.0,1200,1600,90.5,69,Above
1.0,1.0,1200,1600,18.9,76,Below
